subject	roi_set	roi	run	ok	fail_reason	n_yy_trials	n_kj_trials
sub-01	meta_spatial	meta_L_PPA_PHG	3	True		35	35
sub-01	meta_spatial	meta_L_PPA_PHG	4	True		35	35
sub-01	meta_spatial	meta_L_PPC_SPL	3	True		35	35
sub-01	meta_spatial	meta_L_PPC_SPL	4	True		35	35
sub-01	meta_spatial	meta_L_RSC_PCC	3	True		35	35
sub-01	meta_spatial	meta_L_RSC_PCC	4	True		35	35
sub-01	meta_spatial	meta_L_hippocampus	3	True		35	35
sub-01	meta_spatial	meta_L_hippocampus	4	True		35	35
sub-01	meta_spatial	meta_L_precuneus	3	True		35	35
sub-01	meta_spatial	meta_L_precuneus	4	True		35	35
sub-01	meta_spatial	meta_R_PPA_PHG	3	True		35	35
sub-01	meta_spatial	meta_R_PPA_PHG	4	True		35	35
sub-01	meta_spatial	meta_R_PPC_SPL	3	True		35	35
sub-01	meta_spatial	meta_R_PPC_SPL	4	True		35	35
sub-01	meta_spatial	meta_R_RSC_PCC	3	True		35	35
sub-01	meta_spatial	meta_R_RSC_PCC	4	True		35	35
sub-01	meta_spatial	meta_R_hippocampus	3	True		35	35
sub-01	meta_spatial	meta_R_hippocampus	4	True		35	35
sub-01	meta_spatial	meta_R_precuneus	3	True		35	35
sub-01	meta_spatial	meta_R_precuneus	4	True		35	35
sub-02	meta_spatial	meta_L_PPA_PHG	3	True		35	35
sub-02	meta_spatial	meta_L_PPA_PHG	4	True		35	35
sub-02	meta_spatial	meta_L_PPC_SPL	3	True		35	35
sub-02	meta_spatial	meta_L_PPC_SPL	4	True		35	35
sub-02	meta_spatial	meta_L_RSC_PCC	3	True		35	35
sub-02	meta_spatial	meta_L_RSC_PCC	4	True		35	35
sub-02	meta_spatial	meta_L_hippocampus	3	True		35	35
sub-02	meta_spatial	meta_L_hippocampus	4	True		35	35
sub-02	meta_spatial	meta_L_precuneus	3	True		35	35
sub-02	meta_spatial	meta_L_precuneus	4	True		35	35
sub-02	meta_spatial	meta_R_PPA_PHG	3	True		35	35
sub-02	meta_spatial	meta_R_PPA_PHG	4	True		35	35
sub-02	meta_spatial	meta_R_PPC_SPL	3	True		35	35
sub-02	meta_spatial	meta_R_PPC_SPL	4	True		35	35
sub-02	meta_spatial	meta_R_RSC_PCC	3	True		35	35
sub-02	meta_spatial	meta_R_RSC_PCC	4	True		35	35
sub-02	meta_spatial	meta_R_hippocampus	3	True		35	35
sub-02	meta_spatial	meta_R_hippocampus	4	True		35	35
sub-02	meta_spatial	meta_R_precuneus	3	True		35	35
sub-02	meta_spatial	meta_R_precuneus	4	True		35	35
sub-03	meta_spatial	meta_L_PPA_PHG	3	True		35	35
sub-03	meta_spatial	meta_L_PPA_PHG	4	True		35	35
sub-03	meta_spatial	meta_L_PPC_SPL	3	True		35	35
sub-03	meta_spatial	meta_L_PPC_SPL	4	True		35	35
sub-03	meta_spatial	meta_L_RSC_PCC	3	True		35	35
sub-03	meta_spatial	meta_L_RSC_PCC	4	True		35	35
sub-03	meta_spatial	meta_L_hippocampus	3	True		35	35
sub-03	meta_spatial	meta_L_hippocampus	4	True		35	35
sub-03	meta_spatial	meta_L_precuneus	3	True		35	35
sub-03	meta_spatial	meta_L_precuneus	4	True		35	35
sub-03	meta_spatial	meta_R_PPA_PHG	3	True		35	35
sub-03	meta_spatial	meta_R_PPA_PHG	4	True		35	35
sub-03	meta_spatial	meta_R_PPC_SPL	3	True		35	35
sub-03	meta_spatial	meta_R_PPC_SPL	4	True		35	35
sub-03	meta_spatial	meta_R_RSC_PCC	3	True		35	35
sub-03	meta_spatial	meta_R_RSC_PCC	4	True		35	35
sub-03	meta_spatial	meta_R_hippocampus	3	True		35	35
sub-03	meta_spatial	meta_R_hippocampus	4	True		35	35
sub-03	meta_spatial	meta_R_precuneus	3	True		35	35
sub-03	meta_spatial	meta_R_precuneus	4	True		35	35
sub-04	meta_spatial	meta_L_PPA_PHG	3	True		35	35
sub-04	meta_spatial	meta_L_PPA_PHG	4	True		35	35
sub-04	meta_spatial	meta_L_PPC_SPL	3	True		35	35
sub-04	meta_spatial	meta_L_PPC_SPL	4	True		35	35
sub-04	meta_spatial	meta_L_RSC_PCC	3	True		35	35
sub-04	meta_spatial	meta_L_RSC_PCC	4	True		35	35
sub-04	meta_spatial	meta_L_hippocampus	3	True		35	35
sub-04	meta_spatial	meta_L_hippocampus	4	True		35	35
sub-04	meta_spatial	meta_L_precuneus	3	True		35	35
sub-04	meta_spatial	meta_L_precuneus	4	True		35	35
sub-04	meta_spatial	meta_R_PPA_PHG	3	True		35	35
sub-04	meta_spatial	meta_R_PPA_PHG	4	True		35	35
sub-04	meta_spatial	meta_R_PPC_SPL	3	True		35	35
sub-04	meta_spatial	meta_R_PPC_SPL	4	True		35	35
sub-04	meta_spatial	meta_R_RSC_PCC	3	True		35	35
sub-04	meta_spatial	meta_R_RSC_PCC	4	True		35	35
sub-04	meta_spatial	meta_R_hippocampus	3	True		35	35
sub-04	meta_spatial	meta_R_hippocampus	4	True		35	35
sub-04	meta_spatial	meta_R_precuneus	3	True		35	35
sub-04	meta_spatial	meta_R_precuneus	4	True		35	35
sub-05	meta_spatial	meta_L_PPA_PHG	3	True		35	35
sub-05	meta_spatial	meta_L_PPA_PHG	4	True		35	35
sub-05	meta_spatial	meta_L_PPC_SPL	3	True		35	35
sub-05	meta_spatial	meta_L_PPC_SPL	4	True		35	35
sub-05	meta_spatial	meta_L_RSC_PCC	3	True		35	35
sub-05	meta_spatial	meta_L_RSC_PCC	4	True		35	35
sub-05	meta_spatial	meta_L_hippocampus	3	True		35	35
sub-05	meta_spatial	meta_L_hippocampus	4	True		35	35
sub-05	meta_spatial	meta_L_precuneus	3	True		35	35
sub-05	meta_spatial	meta_L_precuneus	4	True		35	35
sub-05	meta_spatial	meta_R_PPA_PHG	3	True		35	35
sub-05	meta_spatial	meta_R_PPA_PHG	4	True		35	35
sub-05	meta_spatial	meta_R_PPC_SPL	3	True		35	35
sub-05	meta_spatial	meta_R_PPC_SPL	4	True		35	35
sub-05	meta_spatial	meta_R_RSC_PCC	3	True		35	35
sub-05	meta_spatial	meta_R_RSC_PCC	4	True		35	35
sub-05	meta_spatial	meta_R_hippocampus	3	True		35	35
sub-05	meta_spatial	meta_R_hippocampus	4	True		35	35
sub-05	meta_spatial	meta_R_precuneus	3	True		35	35
sub-05	meta_spatial	meta_R_precuneus	4	True		35	35
sub-06	meta_spatial	meta_L_PPA_PHG	3	True		35	35
sub-06	meta_spatial	meta_L_PPA_PHG	4	True		35	35
sub-06	meta_spatial	meta_L_PPC_SPL	3	True		35	35
sub-06	meta_spatial	meta_L_PPC_SPL	4	True		35	35
sub-06	meta_spatial	meta_L_RSC_PCC	3	True		35	35
sub-06	meta_spatial	meta_L_RSC_PCC	4	True		35	35
sub-06	meta_spatial	meta_L_hippocampus	3	True		35	35
sub-06	meta_spatial	meta_L_hippocampus	4	True		35	35
sub-06	meta_spatial	meta_L_precuneus	3	True		35	35
sub-06	meta_spatial	meta_L_precuneus	4	True		35	35
sub-06	meta_spatial	meta_R_PPA_PHG	3	True		35	35
sub-06	meta_spatial	meta_R_PPA_PHG	4	True		35	35
sub-06	meta_spatial	meta_R_PPC_SPL	3	True		35	35
sub-06	meta_spatial	meta_R_PPC_SPL	4	True		35	35
sub-06	meta_spatial	meta_R_RSC_PCC	3	True		35	35
sub-06	meta_spatial	meta_R_RSC_PCC	4	True		35	35
sub-06	meta_spatial	meta_R_hippocampus	3	True		35	35
sub-06	meta_spatial	meta_R_hippocampus	4	True		35	35
sub-06	meta_spatial	meta_R_precuneus	3	True		35	35
sub-06	meta_spatial	meta_R_precuneus	4	True		35	35
sub-07	meta_spatial	meta_L_PPA_PHG	3	True		35	35
sub-07	meta_spatial	meta_L_PPA_PHG	4	True		35	35
sub-07	meta_spatial	meta_L_PPC_SPL	3	True		35	35
sub-07	meta_spatial	meta_L_PPC_SPL	4	True		35	35
sub-07	meta_spatial	meta_L_RSC_PCC	3	True		35	35
sub-07	meta_spatial	meta_L_RSC_PCC	4	True		35	35
sub-07	meta_spatial	meta_L_hippocampus	3	True		35	35
sub-07	meta_spatial	meta_L_hippocampus	4	True		35	35
sub-07	meta_spatial	meta_L_precuneus	3	True		35	35
sub-07	meta_spatial	meta_L_precuneus	4	True		35	35
sub-07	meta_spatial	meta_R_PPA_PHG	3	True		35	35
sub-07	meta_spatial	meta_R_PPA_PHG	4	True		35	35
sub-07	meta_spatial	meta_R_PPC_SPL	3	True		35	35
sub-07	meta_spatial	meta_R_PPC_SPL	4	True		35	35
sub-07	meta_spatial	meta_R_RSC_PCC	3	True		35	35
sub-07	meta_spatial	meta_R_RSC_PCC	4	True		35	35
sub-07	meta_spatial	meta_R_hippocampus	3	True		35	35
sub-07	meta_spatial	meta_R_hippocampus	4	True		35	35
sub-07	meta_spatial	meta_R_precuneus	3	True		35	35
sub-07	meta_spatial	meta_R_precuneus	4	True		35	35
sub-08	meta_spatial	meta_L_PPA_PHG	3	True		35	35
sub-08	meta_spatial	meta_L_PPA_PHG	4	True		35	35
sub-08	meta_spatial	meta_L_PPC_SPL	3	True		35	35
sub-08	meta_spatial	meta_L_PPC_SPL	4	True		35	35
sub-08	meta_spatial	meta_L_RSC_PCC	3	True		35	35
sub-08	meta_spatial	meta_L_RSC_PCC	4	True		35	35
sub-08	meta_spatial	meta_L_hippocampus	3	True		35	35
sub-08	meta_spatial	meta_L_hippocampus	4	True		35	35
sub-08	meta_spatial	meta_L_precuneus	3	True		35	35
sub-08	meta_spatial	meta_L_precuneus	4	True		35	35
sub-08	meta_spatial	meta_R_PPA_PHG	3	True		35	35
sub-08	meta_spatial	meta_R_PPA_PHG	4	True		35	35
sub-08	meta_spatial	meta_R_PPC_SPL	3	True		35	35
sub-08	meta_spatial	meta_R_PPC_SPL	4	True		35	35
sub-08	meta_spatial	meta_R_RSC_PCC	3	True		35	35
sub-08	meta_spatial	meta_R_RSC_PCC	4	True		35	35
sub-08	meta_spatial	meta_R_hippocampus	3	True		35	35
sub-08	meta_spatial	meta_R_hippocampus	4	True		35	35
sub-08	meta_spatial	meta_R_precuneus	3	True		35	35
sub-08	meta_spatial	meta_R_precuneus	4	True		35	35
sub-09	meta_spatial	meta_L_PPA_PHG	3	True		35	35
sub-09	meta_spatial	meta_L_PPA_PHG	4	True		35	35
sub-09	meta_spatial	meta_L_PPC_SPL	3	True		35	35
sub-09	meta_spatial	meta_L_PPC_SPL	4	True		35	35
sub-09	meta_spatial	meta_L_RSC_PCC	3	True		35	35
sub-09	meta_spatial	meta_L_RSC_PCC	4	True		35	35
sub-09	meta_spatial	meta_L_hippocampus	3	True		35	35
sub-09	meta_spatial	meta_L_hippocampus	4	True		35	35
sub-09	meta_spatial	meta_L_precuneus	3	True		35	35
sub-09	meta_spatial	meta_L_precuneus	4	True		35	35
sub-09	meta_spatial	meta_R_PPA_PHG	3	True		35	35
sub-09	meta_spatial	meta_R_PPA_PHG	4	True		35	35
sub-09	meta_spatial	meta_R_PPC_SPL	3	True		35	35
sub-09	meta_spatial	meta_R_PPC_SPL	4	True		35	35
sub-09	meta_spatial	meta_R_RSC_PCC	3	True		35	35
sub-09	meta_spatial	meta_R_RSC_PCC	4	True		35	35
sub-09	meta_spatial	meta_R_hippocampus	3	True		35	35
sub-09	meta_spatial	meta_R_hippocampus	4	True		35	35
sub-09	meta_spatial	meta_R_precuneus	3	True		35	35
sub-09	meta_spatial	meta_R_precuneus	4	True		35	35
sub-10	meta_spatial	meta_L_PPA_PHG	3	True		35	35
sub-10	meta_spatial	meta_L_PPA_PHG	4	True		35	35
sub-10	meta_spatial	meta_L_PPC_SPL	3	True		35	35
sub-10	meta_spatial	meta_L_PPC_SPL	4	True		35	35
sub-10	meta_spatial	meta_L_RSC_PCC	3	True		35	35
sub-10	meta_spatial	meta_L_RSC_PCC	4	True		35	35
sub-10	meta_spatial	meta_L_hippocampus	3	True		35	35
sub-10	meta_spatial	meta_L_hippocampus	4	True		35	35
sub-10	meta_spatial	meta_L_precuneus	3	True		35	35
sub-10	meta_spatial	meta_L_precuneus	4	True		35	35
sub-10	meta_spatial	meta_R_PPA_PHG	3	True		35	35
sub-10	meta_spatial	meta_R_PPA_PHG	4	True		35	35
sub-10	meta_spatial	meta_R_PPC_SPL	3	True		35	35
sub-10	meta_spatial	meta_R_PPC_SPL	4	True		35	35
sub-10	meta_spatial	meta_R_RSC_PCC	3	True		35	35
sub-10	meta_spatial	meta_R_RSC_PCC	4	True		35	35
sub-10	meta_spatial	meta_R_hippocampus	3	True		35	35
sub-10	meta_spatial	meta_R_hippocampus	4	True		35	35
sub-10	meta_spatial	meta_R_precuneus	3	True		35	35
sub-10	meta_spatial	meta_R_precuneus	4	True		35	35
sub-11	meta_spatial	meta_L_PPA_PHG	3	True		35	35
sub-11	meta_spatial	meta_L_PPA_PHG	4	True		35	35
sub-11	meta_spatial	meta_L_PPC_SPL	3	True		35	35
sub-11	meta_spatial	meta_L_PPC_SPL	4	True		35	35
sub-11	meta_spatial	meta_L_RSC_PCC	3	True		35	35
sub-11	meta_spatial	meta_L_RSC_PCC	4	True		35	35
sub-11	meta_spatial	meta_L_hippocampus	3	True		35	35
sub-11	meta_spatial	meta_L_hippocampus	4	True		35	35
sub-11	meta_spatial	meta_L_precuneus	3	True		35	35
sub-11	meta_spatial	meta_L_precuneus	4	True		35	35
sub-11	meta_spatial	meta_R_PPA_PHG	3	True		35	35
sub-11	meta_spatial	meta_R_PPA_PHG	4	True		35	35
sub-11	meta_spatial	meta_R_PPC_SPL	3	True		35	35
sub-11	meta_spatial	meta_R_PPC_SPL	4	True		35	35
sub-11	meta_spatial	meta_R_RSC_PCC	3	True		35	35
sub-11	meta_spatial	meta_R_RSC_PCC	4	True		35	35
sub-11	meta_spatial	meta_R_hippocampus	3	True		35	35
sub-11	meta_spatial	meta_R_hippocampus	4	True		35	35
sub-11	meta_spatial	meta_R_precuneus	3	True		35	35
sub-11	meta_spatial	meta_R_precuneus	4	True		35	35
sub-12	meta_spatial	meta_L_PPA_PHG	3	True		35	35
sub-12	meta_spatial	meta_L_PPA_PHG	4	True		35	35
sub-12	meta_spatial	meta_L_PPC_SPL	3	True		35	35
sub-12	meta_spatial	meta_L_PPC_SPL	4	True		35	35
sub-12	meta_spatial	meta_L_RSC_PCC	3	True		35	35
sub-12	meta_spatial	meta_L_RSC_PCC	4	True		35	35
sub-12	meta_spatial	meta_L_hippocampus	3	True		35	35
sub-12	meta_spatial	meta_L_hippocampus	4	True		35	35
sub-12	meta_spatial	meta_L_precuneus	3	True		35	35
sub-12	meta_spatial	meta_L_precuneus	4	True		35	35
sub-12	meta_spatial	meta_R_PPA_PHG	3	True		35	35
sub-12	meta_spatial	meta_R_PPA_PHG	4	True		35	35
sub-12	meta_spatial	meta_R_PPC_SPL	3	True		35	35
sub-12	meta_spatial	meta_R_PPC_SPL	4	True		35	35
sub-12	meta_spatial	meta_R_RSC_PCC	3	True		35	35
sub-12	meta_spatial	meta_R_RSC_PCC	4	True		35	35
sub-12	meta_spatial	meta_R_hippocampus	3	True		35	35
sub-12	meta_spatial	meta_R_hippocampus	4	True		35	35
sub-12	meta_spatial	meta_R_precuneus	3	True		35	35
sub-12	meta_spatial	meta_R_precuneus	4	True		35	35
sub-13	meta_spatial	meta_L_PPA_PHG	3	True		35	35
sub-13	meta_spatial	meta_L_PPA_PHG	4	True		35	35
sub-13	meta_spatial	meta_L_PPC_SPL	3	True		35	35
sub-13	meta_spatial	meta_L_PPC_SPL	4	True		35	35
sub-13	meta_spatial	meta_L_RSC_PCC	3	True		35	35
sub-13	meta_spatial	meta_L_RSC_PCC	4	True		35	35
sub-13	meta_spatial	meta_L_hippocampus	3	True		35	35
sub-13	meta_spatial	meta_L_hippocampus	4	True		35	35
sub-13	meta_spatial	meta_L_precuneus	3	True		35	35
sub-13	meta_spatial	meta_L_precuneus	4	True		35	35
sub-13	meta_spatial	meta_R_PPA_PHG	3	True		35	35
sub-13	meta_spatial	meta_R_PPA_PHG	4	True		35	35
sub-13	meta_spatial	meta_R_PPC_SPL	3	True		35	35
sub-13	meta_spatial	meta_R_PPC_SPL	4	True		35	35
sub-13	meta_spatial	meta_R_RSC_PCC	3	True		35	35
sub-13	meta_spatial	meta_R_RSC_PCC	4	True		35	35
sub-13	meta_spatial	meta_R_hippocampus	3	True		35	35
sub-13	meta_spatial	meta_R_hippocampus	4	True		35	35
sub-13	meta_spatial	meta_R_precuneus	3	True		35	35
sub-13	meta_spatial	meta_R_precuneus	4	True		35	35
sub-14	meta_spatial	meta_L_PPA_PHG	3	True		35	35
sub-14	meta_spatial	meta_L_PPA_PHG	4	True		35	35
sub-14	meta_spatial	meta_L_PPC_SPL	3	True		35	35
sub-14	meta_spatial	meta_L_PPC_SPL	4	True		35	35
sub-14	meta_spatial	meta_L_RSC_PCC	3	True		35	35
sub-14	meta_spatial	meta_L_RSC_PCC	4	True		35	35
sub-14	meta_spatial	meta_L_hippocampus	3	True		35	35
sub-14	meta_spatial	meta_L_hippocampus	4	True		35	35
sub-14	meta_spatial	meta_L_precuneus	3	True		35	35
sub-14	meta_spatial	meta_L_precuneus	4	True		35	35
sub-14	meta_spatial	meta_R_PPA_PHG	3	True		35	35
sub-14	meta_spatial	meta_R_PPA_PHG	4	True		35	35
sub-14	meta_spatial	meta_R_PPC_SPL	3	True		35	35
sub-14	meta_spatial	meta_R_PPC_SPL	4	True		35	35
sub-14	meta_spatial	meta_R_RSC_PCC	3	True		35	35
sub-14	meta_spatial	meta_R_RSC_PCC	4	True		35	35
sub-14	meta_spatial	meta_R_hippocampus	3	True		35	35
sub-14	meta_spatial	meta_R_hippocampus	4	True		35	35
sub-14	meta_spatial	meta_R_precuneus	3	True		35	35
sub-14	meta_spatial	meta_R_precuneus	4	True		35	35
sub-15	meta_spatial	meta_L_PPA_PHG	3	True		35	35
sub-15	meta_spatial	meta_L_PPA_PHG	4	True		35	35
sub-15	meta_spatial	meta_L_PPC_SPL	3	True		35	35
sub-15	meta_spatial	meta_L_PPC_SPL	4	True		35	35
sub-15	meta_spatial	meta_L_RSC_PCC	3	True		35	35
sub-15	meta_spatial	meta_L_RSC_PCC	4	True		35	35
sub-15	meta_spatial	meta_L_hippocampus	3	True		35	35
sub-15	meta_spatial	meta_L_hippocampus	4	True		35	35
sub-15	meta_spatial	meta_L_precuneus	3	True		35	35
sub-15	meta_spatial	meta_L_precuneus	4	True		35	35
sub-15	meta_spatial	meta_R_PPA_PHG	3	True		35	35
sub-15	meta_spatial	meta_R_PPA_PHG	4	True		35	35
sub-15	meta_spatial	meta_R_PPC_SPL	3	True		35	35
sub-15	meta_spatial	meta_R_PPC_SPL	4	True		35	35
sub-15	meta_spatial	meta_R_RSC_PCC	3	True		35	35
sub-15	meta_spatial	meta_R_RSC_PCC	4	True		35	35
sub-15	meta_spatial	meta_R_hippocampus	3	True		35	35
sub-15	meta_spatial	meta_R_hippocampus	4	True		35	35
sub-15	meta_spatial	meta_R_precuneus	3	True		35	35
sub-15	meta_spatial	meta_R_precuneus	4	True		35	35
sub-16	meta_spatial	meta_L_PPA_PHG	3	True		35	35
sub-16	meta_spatial	meta_L_PPA_PHG	4	True		35	35
sub-16	meta_spatial	meta_L_PPC_SPL	3	True		35	35
sub-16	meta_spatial	meta_L_PPC_SPL	4	True		35	35
sub-16	meta_spatial	meta_L_RSC_PCC	3	True		35	35
sub-16	meta_spatial	meta_L_RSC_PCC	4	True		35	35
sub-16	meta_spatial	meta_L_hippocampus	3	True		35	35
sub-16	meta_spatial	meta_L_hippocampus	4	True		35	35
sub-16	meta_spatial	meta_L_precuneus	3	True		35	35
sub-16	meta_spatial	meta_L_precuneus	4	True		35	35
sub-16	meta_spatial	meta_R_PPA_PHG	3	True		35	35
sub-16	meta_spatial	meta_R_PPA_PHG	4	True		35	35
sub-16	meta_spatial	meta_R_PPC_SPL	3	True		35	35
sub-16	meta_spatial	meta_R_PPC_SPL	4	True		35	35
sub-16	meta_spatial	meta_R_RSC_PCC	3	True		35	35
sub-16	meta_spatial	meta_R_RSC_PCC	4	True		35	35
sub-16	meta_spatial	meta_R_hippocampus	3	True		35	35
sub-16	meta_spatial	meta_R_hippocampus	4	True		35	35
sub-16	meta_spatial	meta_R_precuneus	3	True		35	35
sub-16	meta_spatial	meta_R_precuneus	4	True		35	35
sub-17	meta_spatial	meta_L_PPA_PHG	3	True		35	35
sub-17	meta_spatial	meta_L_PPA_PHG	4	True		35	35
sub-17	meta_spatial	meta_L_PPC_SPL	3	True		35	35
sub-17	meta_spatial	meta_L_PPC_SPL	4	True		35	35
sub-17	meta_spatial	meta_L_RSC_PCC	3	True		35	35
sub-17	meta_spatial	meta_L_RSC_PCC	4	True		35	35
sub-17	meta_spatial	meta_L_hippocampus	3	True		35	35
sub-17	meta_spatial	meta_L_hippocampus	4	True		35	35
sub-17	meta_spatial	meta_L_precuneus	3	True		35	35
sub-17	meta_spatial	meta_L_precuneus	4	True		35	35
sub-17	meta_spatial	meta_R_PPA_PHG	3	True		35	35
sub-17	meta_spatial	meta_R_PPA_PHG	4	True		35	35
sub-17	meta_spatial	meta_R_PPC_SPL	3	True		35	35
sub-17	meta_spatial	meta_R_PPC_SPL	4	True		35	35
sub-17	meta_spatial	meta_R_RSC_PCC	3	True		35	35
sub-17	meta_spatial	meta_R_RSC_PCC	4	True		35	35
sub-17	meta_spatial	meta_R_hippocampus	3	True		35	35
sub-17	meta_spatial	meta_R_hippocampus	4	True		35	35
sub-17	meta_spatial	meta_R_precuneus	3	True		35	35
sub-17	meta_spatial	meta_R_precuneus	4	True		35	35
sub-18	meta_spatial	meta_L_PPA_PHG	3	True		35	35
sub-18	meta_spatial	meta_L_PPA_PHG	4	True		35	35
sub-18	meta_spatial	meta_L_PPC_SPL	3	True		35	35
sub-18	meta_spatial	meta_L_PPC_SPL	4	True		35	35
sub-18	meta_spatial	meta_L_RSC_PCC	3	True		35	35
sub-18	meta_spatial	meta_L_RSC_PCC	4	True		35	35
sub-18	meta_spatial	meta_L_hippocampus	3	True		35	35
sub-18	meta_spatial	meta_L_hippocampus	4	True		35	35
sub-18	meta_spatial	meta_L_precuneus	3	True		35	35
sub-18	meta_spatial	meta_L_precuneus	4	True		35	35
sub-18	meta_spatial	meta_R_PPA_PHG	3	True		35	35
sub-18	meta_spatial	meta_R_PPA_PHG	4	True		35	35
sub-18	meta_spatial	meta_R_PPC_SPL	3	True		35	35
sub-18	meta_spatial	meta_R_PPC_SPL	4	True		35	35
sub-18	meta_spatial	meta_R_RSC_PCC	3	True		35	35
sub-18	meta_spatial	meta_R_RSC_PCC	4	True		35	35
sub-18	meta_spatial	meta_R_hippocampus	3	True		35	35
sub-18	meta_spatial	meta_R_hippocampus	4	True		35	35
sub-18	meta_spatial	meta_R_precuneus	3	True		35	35
sub-18	meta_spatial	meta_R_precuneus	4	True		35	35
sub-19	meta_spatial	meta_L_PPA_PHG	3	True		35	35
sub-19	meta_spatial	meta_L_PPA_PHG	4	True		35	35
sub-19	meta_spatial	meta_L_PPC_SPL	3	True		35	35
sub-19	meta_spatial	meta_L_PPC_SPL	4	True		35	35
sub-19	meta_spatial	meta_L_RSC_PCC	3	True		35	35
sub-19	meta_spatial	meta_L_RSC_PCC	4	True		35	35
sub-19	meta_spatial	meta_L_hippocampus	3	True		35	35
sub-19	meta_spatial	meta_L_hippocampus	4	True		35	35
sub-19	meta_spatial	meta_L_precuneus	3	True		35	35
sub-19	meta_spatial	meta_L_precuneus	4	True		35	35
sub-19	meta_spatial	meta_R_PPA_PHG	3	True		35	35
sub-19	meta_spatial	meta_R_PPA_PHG	4	True		35	35
sub-19	meta_spatial	meta_R_PPC_SPL	3	True		35	35
sub-19	meta_spatial	meta_R_PPC_SPL	4	True		35	35
sub-19	meta_spatial	meta_R_RSC_PCC	3	True		35	35
sub-19	meta_spatial	meta_R_RSC_PCC	4	True		35	35
sub-19	meta_spatial	meta_R_hippocampus	3	True		35	35
sub-19	meta_spatial	meta_R_hippocampus	4	True		35	35
sub-19	meta_spatial	meta_R_precuneus	3	True		35	35
sub-19	meta_spatial	meta_R_precuneus	4	True		35	35
sub-20	meta_spatial	meta_L_PPA_PHG	3	True		35	35
sub-20	meta_spatial	meta_L_PPA_PHG	4	True		35	35
sub-20	meta_spatial	meta_L_PPC_SPL	3	True		35	35
sub-20	meta_spatial	meta_L_PPC_SPL	4	True		35	35
sub-20	meta_spatial	meta_L_RSC_PCC	3	True		35	35
sub-20	meta_spatial	meta_L_RSC_PCC	4	True		35	35
sub-20	meta_spatial	meta_L_hippocampus	3	True		35	35
sub-20	meta_spatial	meta_L_hippocampus	4	True		35	35
sub-20	meta_spatial	meta_L_precuneus	3	True		35	35
sub-20	meta_spatial	meta_L_precuneus	4	True		35	35
sub-20	meta_spatial	meta_R_PPA_PHG	3	True		35	35
sub-20	meta_spatial	meta_R_PPA_PHG	4	True		35	35
sub-20	meta_spatial	meta_R_PPC_SPL	3	True		35	35
sub-20	meta_spatial	meta_R_PPC_SPL	4	True		35	35
sub-20	meta_spatial	meta_R_RSC_PCC	3	True		35	35
sub-20	meta_spatial	meta_R_RSC_PCC	4	True		35	35
sub-20	meta_spatial	meta_R_hippocampus	3	True		35	35
sub-20	meta_spatial	meta_R_hippocampus	4	True		35	35
sub-20	meta_spatial	meta_R_precuneus	3	True		35	35
sub-20	meta_spatial	meta_R_precuneus	4	True		35	35
sub-21	meta_spatial	meta_L_PPA_PHG	3	True		35	35
sub-21	meta_spatial	meta_L_PPA_PHG	4	True		35	35
sub-21	meta_spatial	meta_L_PPC_SPL	3	True		35	35
sub-21	meta_spatial	meta_L_PPC_SPL	4	True		35	35
sub-21	meta_spatial	meta_L_RSC_PCC	3	True		35	35
sub-21	meta_spatial	meta_L_RSC_PCC	4	True		35	35
sub-21	meta_spatial	meta_L_hippocampus	3	True		35	35
sub-21	meta_spatial	meta_L_hippocampus	4	True		35	35
sub-21	meta_spatial	meta_L_precuneus	3	True		35	35
sub-21	meta_spatial	meta_L_precuneus	4	True		35	35
sub-21	meta_spatial	meta_R_PPA_PHG	3	True		35	35
sub-21	meta_spatial	meta_R_PPA_PHG	4	True		35	35
sub-21	meta_spatial	meta_R_PPC_SPL	3	True		35	35
sub-21	meta_spatial	meta_R_PPC_SPL	4	True		35	35
sub-21	meta_spatial	meta_R_RSC_PCC	3	True		35	35
sub-21	meta_spatial	meta_R_RSC_PCC	4	True		35	35
sub-21	meta_spatial	meta_R_hippocampus	3	True		35	35
sub-21	meta_spatial	meta_R_hippocampus	4	True		35	35
sub-21	meta_spatial	meta_R_precuneus	3	True		35	35
sub-21	meta_spatial	meta_R_precuneus	4	True		35	35
sub-22	meta_spatial	meta_L_PPA_PHG	3	True		35	35
sub-22	meta_spatial	meta_L_PPA_PHG	4	True		35	35
sub-22	meta_spatial	meta_L_PPC_SPL	3	True		35	35
sub-22	meta_spatial	meta_L_PPC_SPL	4	True		35	35
sub-22	meta_spatial	meta_L_RSC_PCC	3	True		35	35
sub-22	meta_spatial	meta_L_RSC_PCC	4	True		35	35
sub-22	meta_spatial	meta_L_hippocampus	3	True		35	35
sub-22	meta_spatial	meta_L_hippocampus	4	True		35	35
sub-22	meta_spatial	meta_L_precuneus	3	True		35	35
sub-22	meta_spatial	meta_L_precuneus	4	True		35	35
sub-22	meta_spatial	meta_R_PPA_PHG	3	True		35	35
sub-22	meta_spatial	meta_R_PPA_PHG	4	True		35	35
sub-22	meta_spatial	meta_R_PPC_SPL	3	True		35	35
sub-22	meta_spatial	meta_R_PPC_SPL	4	True		35	35
sub-22	meta_spatial	meta_R_RSC_PCC	3	True		35	35
sub-22	meta_spatial	meta_R_RSC_PCC	4	True		35	35
sub-22	meta_spatial	meta_R_hippocampus	3	True		35	35
sub-22	meta_spatial	meta_R_hippocampus	4	True		35	35
sub-22	meta_spatial	meta_R_precuneus	3	True		35	35
sub-22	meta_spatial	meta_R_precuneus	4	True		35	35
sub-23	meta_spatial	meta_L_PPA_PHG	3	True		35	35
sub-23	meta_spatial	meta_L_PPA_PHG	4	True		35	35
sub-23	meta_spatial	meta_L_PPC_SPL	3	True		35	35
sub-23	meta_spatial	meta_L_PPC_SPL	4	True		35	35
sub-23	meta_spatial	meta_L_RSC_PCC	3	True		35	35
sub-23	meta_spatial	meta_L_RSC_PCC	4	True		35	35
sub-23	meta_spatial	meta_L_hippocampus	3	True		35	35
sub-23	meta_spatial	meta_L_hippocampus	4	True		35	35
sub-23	meta_spatial	meta_L_precuneus	3	True		35	35
sub-23	meta_spatial	meta_L_precuneus	4	True		35	35
sub-23	meta_spatial	meta_R_PPA_PHG	3	True		35	35
sub-23	meta_spatial	meta_R_PPA_PHG	4	True		35	35
sub-23	meta_spatial	meta_R_PPC_SPL	3	True		35	35
sub-23	meta_spatial	meta_R_PPC_SPL	4	True		35	35
sub-23	meta_spatial	meta_R_RSC_PCC	3	True		35	35
sub-23	meta_spatial	meta_R_RSC_PCC	4	True		35	35
sub-23	meta_spatial	meta_R_hippocampus	3	True		35	35
sub-23	meta_spatial	meta_R_hippocampus	4	True		35	35
sub-23	meta_spatial	meta_R_precuneus	3	True		35	35
sub-23	meta_spatial	meta_R_precuneus	4	True		35	35
sub-24	meta_spatial	meta_L_PPA_PHG	3	True		35	35
sub-24	meta_spatial	meta_L_PPA_PHG	4	True		35	35
sub-24	meta_spatial	meta_L_PPC_SPL	3	True		35	35
sub-24	meta_spatial	meta_L_PPC_SPL	4	True		35	35
sub-24	meta_spatial	meta_L_RSC_PCC	3	True		35	35
sub-24	meta_spatial	meta_L_RSC_PCC	4	True		35	35
sub-24	meta_spatial	meta_L_hippocampus	3	True		35	35
sub-24	meta_spatial	meta_L_hippocampus	4	True		35	35
sub-24	meta_spatial	meta_L_precuneus	3	True		35	35
sub-24	meta_spatial	meta_L_precuneus	4	True		35	35
sub-24	meta_spatial	meta_R_PPA_PHG	3	True		35	35
sub-24	meta_spatial	meta_R_PPA_PHG	4	True		35	35
sub-24	meta_spatial	meta_R_PPC_SPL	3	True		35	35
sub-24	meta_spatial	meta_R_PPC_SPL	4	True		35	35
sub-24	meta_spatial	meta_R_RSC_PCC	3	True		35	35
sub-24	meta_spatial	meta_R_RSC_PCC	4	True		35	35
sub-24	meta_spatial	meta_R_hippocampus	3	True		35	35
sub-24	meta_spatial	meta_R_hippocampus	4	True		35	35
sub-24	meta_spatial	meta_R_precuneus	3	True		35	35
sub-24	meta_spatial	meta_R_precuneus	4	True		35	35
sub-25	meta_spatial	meta_L_PPA_PHG	3	True		35	35
sub-25	meta_spatial	meta_L_PPA_PHG	4	True		35	35
sub-25	meta_spatial	meta_L_PPC_SPL	3	True		35	35
sub-25	meta_spatial	meta_L_PPC_SPL	4	True		35	35
sub-25	meta_spatial	meta_L_RSC_PCC	3	True		35	35
sub-25	meta_spatial	meta_L_RSC_PCC	4	True		35	35
sub-25	meta_spatial	meta_L_hippocampus	3	True		35	35
sub-25	meta_spatial	meta_L_hippocampus	4	True		35	35
sub-25	meta_spatial	meta_L_precuneus	3	True		35	35
sub-25	meta_spatial	meta_L_precuneus	4	True		35	35
sub-25	meta_spatial	meta_R_PPA_PHG	3	True		35	35
sub-25	meta_spatial	meta_R_PPA_PHG	4	True		35	35
sub-25	meta_spatial	meta_R_PPC_SPL	3	True		35	35
sub-25	meta_spatial	meta_R_PPC_SPL	4	True		35	35
sub-25	meta_spatial	meta_R_RSC_PCC	3	True		35	35
sub-25	meta_spatial	meta_R_RSC_PCC	4	True		35	35
sub-25	meta_spatial	meta_R_hippocampus	3	True		35	35
sub-25	meta_spatial	meta_R_hippocampus	4	True		35	35
sub-25	meta_spatial	meta_R_precuneus	3	True		35	35
sub-25	meta_spatial	meta_R_precuneus	4	True		35	35
sub-26	meta_spatial	meta_L_PPA_PHG	3	True		35	35
sub-26	meta_spatial	meta_L_PPA_PHG	4	True		35	35
sub-26	meta_spatial	meta_L_PPC_SPL	3	True		35	35
sub-26	meta_spatial	meta_L_PPC_SPL	4	True		35	35
sub-26	meta_spatial	meta_L_RSC_PCC	3	True		35	35
sub-26	meta_spatial	meta_L_RSC_PCC	4	True		35	35
sub-26	meta_spatial	meta_L_hippocampus	3	True		35	35
sub-26	meta_spatial	meta_L_hippocampus	4	True		35	35
sub-26	meta_spatial	meta_L_precuneus	3	True		35	35
sub-26	meta_spatial	meta_L_precuneus	4	True		35	35
sub-26	meta_spatial	meta_R_PPA_PHG	3	True		35	35
sub-26	meta_spatial	meta_R_PPA_PHG	4	True		35	35
sub-26	meta_spatial	meta_R_PPC_SPL	3	True		35	35
sub-26	meta_spatial	meta_R_PPC_SPL	4	True		35	35
sub-26	meta_spatial	meta_R_RSC_PCC	3	True		35	35
sub-26	meta_spatial	meta_R_RSC_PCC	4	True		35	35
sub-26	meta_spatial	meta_R_hippocampus	3	True		35	35
sub-26	meta_spatial	meta_R_hippocampus	4	True		35	35
sub-26	meta_spatial	meta_R_precuneus	3	True		35	35
sub-26	meta_spatial	meta_R_precuneus	4	True		35	35
sub-27	meta_spatial	meta_L_PPA_PHG	3	True		35	35
sub-27	meta_spatial	meta_L_PPA_PHG	4	True		35	35
sub-27	meta_spatial	meta_L_PPC_SPL	3	True		35	35
sub-27	meta_spatial	meta_L_PPC_SPL	4	True		35	35
sub-27	meta_spatial	meta_L_RSC_PCC	3	True		35	35
sub-27	meta_spatial	meta_L_RSC_PCC	4	True		35	35
sub-27	meta_spatial	meta_L_hippocampus	3	True		35	35
sub-27	meta_spatial	meta_L_hippocampus	4	True		35	35
sub-27	meta_spatial	meta_L_precuneus	3	True		35	35
sub-27	meta_spatial	meta_L_precuneus	4	True		35	35
sub-27	meta_spatial	meta_R_PPA_PHG	3	True		35	35
sub-27	meta_spatial	meta_R_PPA_PHG	4	True		35	35
sub-27	meta_spatial	meta_R_PPC_SPL	3	True		35	35
sub-27	meta_spatial	meta_R_PPC_SPL	4	True		35	35
sub-27	meta_spatial	meta_R_RSC_PCC	3	True		35	35
sub-27	meta_spatial	meta_R_RSC_PCC	4	True		35	35
sub-27	meta_spatial	meta_R_hippocampus	3	True		35	35
sub-27	meta_spatial	meta_R_hippocampus	4	True		35	35
sub-27	meta_spatial	meta_R_precuneus	3	True		35	35
sub-27	meta_spatial	meta_R_precuneus	4	True		35	35
sub-28	meta_spatial	meta_L_PPA_PHG	3	True		35	35
sub-28	meta_spatial	meta_L_PPA_PHG	4	True		35	35
sub-28	meta_spatial	meta_L_PPC_SPL	3	True		35	35
sub-28	meta_spatial	meta_L_PPC_SPL	4	True		35	35
sub-28	meta_spatial	meta_L_RSC_PCC	3	True		35	35
sub-28	meta_spatial	meta_L_RSC_PCC	4	True		35	35
sub-28	meta_spatial	meta_L_hippocampus	3	True		35	35
sub-28	meta_spatial	meta_L_hippocampus	4	True		35	35
sub-28	meta_spatial	meta_L_precuneus	3	True		35	35
sub-28	meta_spatial	meta_L_precuneus	4	True		35	35
sub-28	meta_spatial	meta_R_PPA_PHG	3	True		35	35
sub-28	meta_spatial	meta_R_PPA_PHG	4	True		35	35
sub-28	meta_spatial	meta_R_PPC_SPL	3	True		35	35
sub-28	meta_spatial	meta_R_PPC_SPL	4	True		35	35
sub-28	meta_spatial	meta_R_RSC_PCC	3	True		35	35
sub-28	meta_spatial	meta_R_RSC_PCC	4	True		35	35
sub-28	meta_spatial	meta_R_hippocampus	3	True		35	35
sub-28	meta_spatial	meta_R_hippocampus	4	True		35	35
sub-28	meta_spatial	meta_R_precuneus	3	True		35	35
sub-28	meta_spatial	meta_R_precuneus	4	True		35	35
