subject	roi_set	roi	condition	condition_label	run	target_phase	reinstatement	n_trials
sub-01	meta_spatial	meta_L_PPA_PHG	yy	YY	3	retrieval	0.00651319717214705	30
sub-01	meta_spatial	meta_L_PPA_PHG	yy	YY	4	retrieval	0.014799067591649777	30
sub-01	meta_spatial	meta_L_PPA_PHG	kj	KJ	3	retrieval	-0.07044510897725573	4
sub-01	meta_spatial	meta_L_PPA_PHG	kj	KJ	4	retrieval	-0.0315142206906088	4
sub-01	meta_spatial	meta_L_PPC_SPL	yy	YY	3	retrieval	-0.005584125908910723	30
sub-01	meta_spatial	meta_L_PPC_SPL	yy	YY	4	retrieval	-0.030874332199061667	30
sub-01	meta_spatial	meta_L_PPC_SPL	kj	KJ	3	retrieval	0.001567544433028329	4
sub-01	meta_spatial	meta_L_PPC_SPL	kj	KJ	4	retrieval	0.015046776508892402	4
sub-01	meta_spatial	meta_L_RSC_PCC	yy	YY	3	retrieval	0.03370697705666427	30
sub-01	meta_spatial	meta_L_RSC_PCC	yy	YY	4	retrieval	0.030911216324608075	30
sub-01	meta_spatial	meta_L_RSC_PCC	kj	KJ	3	retrieval	0.05008454488875172	4
sub-01	meta_spatial	meta_L_RSC_PCC	kj	KJ	4	retrieval	0.03691180284824384	4
sub-01	meta_spatial	meta_L_hippocampus	yy	YY	3	retrieval	0.00143777119935062	30
sub-01	meta_spatial	meta_L_hippocampus	yy	YY	4	retrieval	-0.06933896864760451	30
sub-01	meta_spatial	meta_L_hippocampus	kj	KJ	3	retrieval	0.04662013870748663	4
sub-01	meta_spatial	meta_L_hippocampus	kj	KJ	4	retrieval	-0.06092473852012899	4
sub-01	meta_spatial	meta_L_precuneus	yy	YY	3	retrieval	-0.005537307826985483	30
sub-01	meta_spatial	meta_L_precuneus	yy	YY	4	retrieval	-0.016955770477116543	30
sub-01	meta_spatial	meta_L_precuneus	kj	KJ	3	retrieval	0.03744369036659505	4
sub-01	meta_spatial	meta_L_precuneus	kj	KJ	4	retrieval	-0.0926752136248186	4
sub-01	meta_spatial	meta_R_PPA_PHG	yy	YY	3	retrieval	-0.04767607071890426	30
sub-01	meta_spatial	meta_R_PPA_PHG	yy	YY	4	retrieval	0.014021173396335873	30
sub-01	meta_spatial	meta_R_PPA_PHG	kj	KJ	3	retrieval	0.16846721808611903	4
sub-01	meta_spatial	meta_R_PPA_PHG	kj	KJ	4	retrieval	0.030191868426129934	4
sub-01	meta_spatial	meta_R_PPC_SPL	yy	YY	3	retrieval	-0.009814022105494865	30
sub-01	meta_spatial	meta_R_PPC_SPL	yy	YY	4	retrieval	-0.015116277543126532	30
sub-01	meta_spatial	meta_R_PPC_SPL	kj	KJ	3	retrieval	-0.03894112117936234	4
sub-01	meta_spatial	meta_R_PPC_SPL	kj	KJ	4	retrieval	0.09201980606979653	4
sub-01	meta_spatial	meta_R_RSC_PCC	yy	YY	3	retrieval	-0.005848886498692483	30
sub-01	meta_spatial	meta_R_RSC_PCC	yy	YY	4	retrieval	-0.009588322716144808	30
sub-01	meta_spatial	meta_R_RSC_PCC	kj	KJ	3	retrieval	0.009861301429248862	4
sub-01	meta_spatial	meta_R_RSC_PCC	kj	KJ	4	retrieval	-0.06149632790704272	4
sub-01	meta_spatial	meta_R_hippocampus	yy	YY	3	retrieval	0.009153860651408751	30
sub-01	meta_spatial	meta_R_hippocampus	yy	YY	4	retrieval	0.005634571558405697	30
sub-01	meta_spatial	meta_R_hippocampus	kj	KJ	3	retrieval	-0.018409889689049285	4
sub-01	meta_spatial	meta_R_hippocampus	kj	KJ	4	retrieval	0.025456277407966424	4
sub-01	meta_spatial	meta_R_precuneus	yy	YY	3	retrieval	0.008641119440561899	30
sub-01	meta_spatial	meta_R_precuneus	yy	YY	4	retrieval	-0.013721850472598416	30
sub-01	meta_spatial	meta_R_precuneus	kj	KJ	3	retrieval	-0.06411226104648565	4
sub-01	meta_spatial	meta_R_precuneus	kj	KJ	4	retrieval	-0.014379488478595215	4
sub-02	meta_spatial	meta_L_PPA_PHG	yy	YY	3	retrieval	-0.007143091883810861	30
sub-02	meta_spatial	meta_L_PPA_PHG	yy	YY	4	retrieval	-0.02696474834512476	30
sub-02	meta_spatial	meta_L_PPA_PHG	kj	KJ	3	retrieval	-0.043583843187439894	4
sub-02	meta_spatial	meta_L_PPA_PHG	kj	KJ	4	retrieval	-0.10402389947635796	4
sub-02	meta_spatial	meta_L_PPC_SPL	yy	YY	3	retrieval	0.03039917287346865	30
sub-02	meta_spatial	meta_L_PPC_SPL	yy	YY	4	retrieval	0.018501376904868375	30
sub-02	meta_spatial	meta_L_PPC_SPL	kj	KJ	3	retrieval	-0.004053718149642633	4
sub-02	meta_spatial	meta_L_PPC_SPL	kj	KJ	4	retrieval	0.07336747983192247	4
sub-02	meta_spatial	meta_L_RSC_PCC	yy	YY	3	retrieval	0.026105198844608195	30
sub-02	meta_spatial	meta_L_RSC_PCC	yy	YY	4	retrieval	-0.041709364671477255	30
sub-02	meta_spatial	meta_L_RSC_PCC	kj	KJ	3	retrieval	-0.12998406258447456	4
sub-02	meta_spatial	meta_L_RSC_PCC	kj	KJ	4	retrieval	0.14049240512395772	4
sub-02	meta_spatial	meta_L_hippocampus	yy	YY	3	retrieval	0.02227993624631563	30
sub-02	meta_spatial	meta_L_hippocampus	yy	YY	4	retrieval	0.007399585299059704	30
sub-02	meta_spatial	meta_L_hippocampus	kj	KJ	3	retrieval	0.02197115615297145	4
sub-02	meta_spatial	meta_L_hippocampus	kj	KJ	4	retrieval	0.07910998114667461	4
sub-02	meta_spatial	meta_L_precuneus	yy	YY	3	retrieval	0.006859976777533768	30
sub-02	meta_spatial	meta_L_precuneus	yy	YY	4	retrieval	-0.049805236918967315	30
sub-02	meta_spatial	meta_L_precuneus	kj	KJ	3	retrieval	-0.08760476850162484	4
sub-02	meta_spatial	meta_L_precuneus	kj	KJ	4	retrieval	-0.02621898990764897	4
sub-02	meta_spatial	meta_R_PPA_PHG	yy	YY	3	retrieval	0.03829237363099893	30
sub-02	meta_spatial	meta_R_PPA_PHG	yy	YY	4	retrieval	0.005773342203746175	30
sub-02	meta_spatial	meta_R_PPA_PHG	kj	KJ	3	retrieval	-0.12099252018112798	4
sub-02	meta_spatial	meta_R_PPA_PHG	kj	KJ	4	retrieval	0.04320650388373931	4
sub-02	meta_spatial	meta_R_PPC_SPL	yy	YY	3	retrieval	-0.00924664916427077	30
sub-02	meta_spatial	meta_R_PPC_SPL	yy	YY	4	retrieval	-0.01438046902997128	30
sub-02	meta_spatial	meta_R_PPC_SPL	kj	KJ	3	retrieval	0.0288886319699942	4
sub-02	meta_spatial	meta_R_PPC_SPL	kj	KJ	4	retrieval	0.05721112066303019	4
sub-02	meta_spatial	meta_R_RSC_PCC	yy	YY	3	retrieval	0.04505280256606739	30
sub-02	meta_spatial	meta_R_RSC_PCC	yy	YY	4	retrieval	0.03932647731611813	30
sub-02	meta_spatial	meta_R_RSC_PCC	kj	KJ	3	retrieval	0.03026969432231305	4
sub-02	meta_spatial	meta_R_RSC_PCC	kj	KJ	4	retrieval	0.06322385856888454	4
sub-02	meta_spatial	meta_R_hippocampus	yy	YY	3	retrieval	0.01653153178512348	30
sub-02	meta_spatial	meta_R_hippocampus	yy	YY	4	retrieval	-0.030045372670233016	30
sub-02	meta_spatial	meta_R_hippocampus	kj	KJ	3	retrieval	0.04500170667394743	4
sub-02	meta_spatial	meta_R_hippocampus	kj	KJ	4	retrieval	0.07114144789302473	4
sub-02	meta_spatial	meta_R_precuneus	yy	YY	3	retrieval	0.029083625277442484	30
sub-02	meta_spatial	meta_R_precuneus	yy	YY	4	retrieval	0.0037760962680868887	30
sub-02	meta_spatial	meta_R_precuneus	kj	KJ	3	retrieval	-0.1274733059986756	4
sub-02	meta_spatial	meta_R_precuneus	kj	KJ	4	retrieval	-0.006440072827322861	4
sub-03	meta_spatial	meta_L_PPA_PHG	yy	YY	3	retrieval	0.04816819499170128	30
sub-03	meta_spatial	meta_L_PPA_PHG	yy	YY	4	retrieval	0.005585101330302514	30
sub-03	meta_spatial	meta_L_PPA_PHG	kj	KJ	3	retrieval	-0.06683551289590148	4
sub-03	meta_spatial	meta_L_PPA_PHG	kj	KJ	4	retrieval	-0.16758192604777372	4
sub-03	meta_spatial	meta_L_PPC_SPL	yy	YY	3	retrieval	0.009892477233780396	30
sub-03	meta_spatial	meta_L_PPC_SPL	yy	YY	4	retrieval	-0.014397454390159098	30
sub-03	meta_spatial	meta_L_PPC_SPL	kj	KJ	3	retrieval	-0.0537677089256412	4
sub-03	meta_spatial	meta_L_PPC_SPL	kj	KJ	4	retrieval	0.017574833298320963	4
sub-03	meta_spatial	meta_L_RSC_PCC	yy	YY	3	retrieval	-0.00862974462558841	30
sub-03	meta_spatial	meta_L_RSC_PCC	yy	YY	4	retrieval	0.034470710830231406	30
sub-03	meta_spatial	meta_L_RSC_PCC	kj	KJ	3	retrieval	0.03339909702007886	4
sub-03	meta_spatial	meta_L_RSC_PCC	kj	KJ	4	retrieval	-0.09991904011890901	4
sub-03	meta_spatial	meta_L_hippocampus	yy	YY	3	retrieval	0.011057031446429694	30
sub-03	meta_spatial	meta_L_hippocampus	yy	YY	4	retrieval	0.009607203523583836	30
sub-03	meta_spatial	meta_L_hippocampus	kj	KJ	3	retrieval	-0.004335529039887364	4
sub-03	meta_spatial	meta_L_hippocampus	kj	KJ	4	retrieval	-0.010869951066142067	4
sub-03	meta_spatial	meta_L_precuneus	yy	YY	3	retrieval	0.0025875267466522367	30
sub-03	meta_spatial	meta_L_precuneus	yy	YY	4	retrieval	-0.02617861335354878	30
sub-03	meta_spatial	meta_L_precuneus	kj	KJ	3	retrieval	-0.04411531797330555	4
sub-03	meta_spatial	meta_L_precuneus	kj	KJ	4	retrieval	-0.00961677572051095	4
sub-03	meta_spatial	meta_R_PPA_PHG	yy	YY	3	retrieval	-0.018113189391793287	30
sub-03	meta_spatial	meta_R_PPA_PHG	yy	YY	4	retrieval	-0.020401019185621972	30
sub-03	meta_spatial	meta_R_PPA_PHG	kj	KJ	3	retrieval	0.10189778121825216	4
sub-03	meta_spatial	meta_R_PPA_PHG	kj	KJ	4	retrieval	0.09162415529439788	4
sub-03	meta_spatial	meta_R_PPC_SPL	yy	YY	3	retrieval	0.057395969149159044	30
sub-03	meta_spatial	meta_R_PPC_SPL	yy	YY	4	retrieval	0.006565023037355202	30
sub-03	meta_spatial	meta_R_PPC_SPL	kj	KJ	3	retrieval	0.044722263224460046	4
sub-03	meta_spatial	meta_R_PPC_SPL	kj	KJ	4	retrieval	0.032366268541796944	4
sub-03	meta_spatial	meta_R_RSC_PCC	yy	YY	3	retrieval	-0.00980055212647158	30
sub-03	meta_spatial	meta_R_RSC_PCC	yy	YY	4	retrieval	-0.0013754956314039567	30
sub-03	meta_spatial	meta_R_RSC_PCC	kj	KJ	3	retrieval	0.14382153290095223	4
sub-03	meta_spatial	meta_R_RSC_PCC	kj	KJ	4	retrieval	0.024339447359340016	4
sub-03	meta_spatial	meta_R_hippocampus	yy	YY	3	retrieval	0.01120355203635034	30
sub-03	meta_spatial	meta_R_hippocampus	yy	YY	4	retrieval	0.02105208293254257	30
sub-03	meta_spatial	meta_R_hippocampus	kj	KJ	3	retrieval	-0.1016058391109315	4
sub-03	meta_spatial	meta_R_hippocampus	kj	KJ	4	retrieval	-0.1389958897506233	4
sub-03	meta_spatial	meta_R_precuneus	yy	YY	3	retrieval	-0.012388716580918013	30
sub-03	meta_spatial	meta_R_precuneus	yy	YY	4	retrieval	-0.02438856116395769	30
sub-03	meta_spatial	meta_R_precuneus	kj	KJ	3	retrieval	0.08727763095650709	4
sub-03	meta_spatial	meta_R_precuneus	kj	KJ	4	retrieval	-0.07075101363592207	4
sub-04	meta_spatial	meta_L_PPA_PHG	yy	YY	3	retrieval	0.001871926949093467	30
sub-04	meta_spatial	meta_L_PPA_PHG	yy	YY	4	retrieval	0.02325851539510692	30
sub-04	meta_spatial	meta_L_PPA_PHG	kj	KJ	3	retrieval	0.013971311033198732	4
sub-04	meta_spatial	meta_L_PPA_PHG	kj	KJ	4	retrieval	-0.16167864120616307	4
sub-04	meta_spatial	meta_L_PPC_SPL	yy	YY	3	retrieval	-0.06370326591675182	30
sub-04	meta_spatial	meta_L_PPC_SPL	yy	YY	4	retrieval	-0.017451803319899352	30
sub-04	meta_spatial	meta_L_PPC_SPL	kj	KJ	3	retrieval	0.011706926707800987	4
sub-04	meta_spatial	meta_L_PPC_SPL	kj	KJ	4	retrieval	-0.04898577611823507	4
sub-04	meta_spatial	meta_L_RSC_PCC	yy	YY	3	retrieval	0.007981083934746903	30
sub-04	meta_spatial	meta_L_RSC_PCC	yy	YY	4	retrieval	-0.02653547519637171	30
sub-04	meta_spatial	meta_L_RSC_PCC	kj	KJ	3	retrieval	0.11703092970411788	4
sub-04	meta_spatial	meta_L_RSC_PCC	kj	KJ	4	retrieval	0.0368802257348014	4
sub-04	meta_spatial	meta_L_hippocampus	yy	YY	3	retrieval	0.02676590196322984	30
sub-04	meta_spatial	meta_L_hippocampus	yy	YY	4	retrieval	0.021012829808549807	30
sub-04	meta_spatial	meta_L_hippocampus	kj	KJ	3	retrieval	-0.0453653788548788	4
sub-04	meta_spatial	meta_L_hippocampus	kj	KJ	4	retrieval	0.09195812731211567	4
sub-04	meta_spatial	meta_L_precuneus	yy	YY	3	retrieval	-0.04357322679282928	30
sub-04	meta_spatial	meta_L_precuneus	yy	YY	4	retrieval	-0.048940749115312654	30
sub-04	meta_spatial	meta_L_precuneus	kj	KJ	3	retrieval	0.1530054110651824	4
sub-04	meta_spatial	meta_L_precuneus	kj	KJ	4	retrieval	-0.03089673649413832	4
sub-04	meta_spatial	meta_R_PPA_PHG	yy	YY	3	retrieval	-0.015654294576662852	30
sub-04	meta_spatial	meta_R_PPA_PHG	yy	YY	4	retrieval	-0.0027873629496894103	30
sub-04	meta_spatial	meta_R_PPA_PHG	kj	KJ	3	retrieval	0.04028912014659497	4
sub-04	meta_spatial	meta_R_PPA_PHG	kj	KJ	4	retrieval	0.01727214154347259	4
sub-04	meta_spatial	meta_R_PPC_SPL	yy	YY	3	retrieval	-0.009039078897516968	30
sub-04	meta_spatial	meta_R_PPC_SPL	yy	YY	4	retrieval	0.05348690788314604	30
sub-04	meta_spatial	meta_R_PPC_SPL	kj	KJ	3	retrieval	0.05501514969808968	4
sub-04	meta_spatial	meta_R_PPC_SPL	kj	KJ	4	retrieval	0.21167522733634025	4
sub-04	meta_spatial	meta_R_RSC_PCC	yy	YY	3	retrieval	0.005970664835254676	30
sub-04	meta_spatial	meta_R_RSC_PCC	yy	YY	4	retrieval	-0.04355006647513932	30
sub-04	meta_spatial	meta_R_RSC_PCC	kj	KJ	3	retrieval	-0.06613824036128899	4
sub-04	meta_spatial	meta_R_RSC_PCC	kj	KJ	4	retrieval	0.04313988228890708	4
sub-04	meta_spatial	meta_R_hippocampus	yy	YY	3	retrieval	-0.019331426821172934	30
sub-04	meta_spatial	meta_R_hippocampus	yy	YY	4	retrieval	-0.022347717539673205	30
sub-04	meta_spatial	meta_R_hippocampus	kj	KJ	3	retrieval	0.011355280152012082	4
sub-04	meta_spatial	meta_R_hippocampus	kj	KJ	4	retrieval	-0.00772542540240909	4
sub-04	meta_spatial	meta_R_precuneus	yy	YY	3	retrieval	0.003805325968747888	30
sub-04	meta_spatial	meta_R_precuneus	yy	YY	4	retrieval	-0.014493831259428153	30
sub-04	meta_spatial	meta_R_precuneus	kj	KJ	3	retrieval	-0.05057459812989969	4
sub-04	meta_spatial	meta_R_precuneus	kj	KJ	4	retrieval	0.013742039555643126	4
sub-05	meta_spatial	meta_L_PPA_PHG	yy	YY	3	retrieval	-0.005008617523215869	30
sub-05	meta_spatial	meta_L_PPA_PHG	yy	YY	4	retrieval	0.02590065394373559	30
sub-05	meta_spatial	meta_L_PPA_PHG	kj	KJ	3	retrieval	-0.2869388380970623	4
sub-05	meta_spatial	meta_L_PPA_PHG	kj	KJ	4	retrieval	-0.13463163829351854	4
sub-05	meta_spatial	meta_L_PPC_SPL	yy	YY	3	retrieval	0.06778210735327846	30
sub-05	meta_spatial	meta_L_PPC_SPL	yy	YY	4	retrieval	-0.08256787216916822	30
sub-05	meta_spatial	meta_L_PPC_SPL	kj	KJ	3	retrieval	-0.13648115236115196	4
sub-05	meta_spatial	meta_L_PPC_SPL	kj	KJ	4	retrieval	0.1494922714380895	4
sub-05	meta_spatial	meta_L_RSC_PCC	yy	YY	3	retrieval	0.04553338885567075	30
sub-05	meta_spatial	meta_L_RSC_PCC	yy	YY	4	retrieval	-0.008390060600276012	30
sub-05	meta_spatial	meta_L_RSC_PCC	kj	KJ	3	retrieval	-0.06324159621497702	4
sub-05	meta_spatial	meta_L_RSC_PCC	kj	KJ	4	retrieval	-0.0034470992282992184	4
sub-05	meta_spatial	meta_L_hippocampus	yy	YY	3	retrieval	-0.024736881829039357	30
sub-05	meta_spatial	meta_L_hippocampus	yy	YY	4	retrieval	-0.03841302053323674	30
sub-05	meta_spatial	meta_L_hippocampus	kj	KJ	3	retrieval	0.07798139140327623	4
sub-05	meta_spatial	meta_L_hippocampus	kj	KJ	4	retrieval	-0.07611821567103169	4
sub-05	meta_spatial	meta_L_precuneus	yy	YY	3	retrieval	0.03075713596109176	30
sub-05	meta_spatial	meta_L_precuneus	yy	YY	4	retrieval	-0.0705026383274037	30
sub-05	meta_spatial	meta_L_precuneus	kj	KJ	3	retrieval	-0.1173451172350201	4
sub-05	meta_spatial	meta_L_precuneus	kj	KJ	4	retrieval	0.09943394535372213	4
sub-05	meta_spatial	meta_R_PPA_PHG	yy	YY	3	retrieval	0.021860259036801447	30
sub-05	meta_spatial	meta_R_PPA_PHG	yy	YY	4	retrieval	0.012537372687108079	30
sub-05	meta_spatial	meta_R_PPA_PHG	kj	KJ	3	retrieval	-0.06190307894255651	4
sub-05	meta_spatial	meta_R_PPA_PHG	kj	KJ	4	retrieval	-0.066412438736737	4
sub-05	meta_spatial	meta_R_PPC_SPL	yy	YY	3	retrieval	0.026684072185576353	30
sub-05	meta_spatial	meta_R_PPC_SPL	yy	YY	4	retrieval	-0.013121150338862572	30
sub-05	meta_spatial	meta_R_PPC_SPL	kj	KJ	3	retrieval	-0.043207700494116985	4
sub-05	meta_spatial	meta_R_PPC_SPL	kj	KJ	4	retrieval	-0.10482983563044888	4
sub-05	meta_spatial	meta_R_RSC_PCC	yy	YY	3	retrieval	0.03850204178634088	30
sub-05	meta_spatial	meta_R_RSC_PCC	yy	YY	4	retrieval	-0.05413571802948381	30
sub-05	meta_spatial	meta_R_RSC_PCC	kj	KJ	3	retrieval	0.18848495365305665	4
sub-05	meta_spatial	meta_R_RSC_PCC	kj	KJ	4	retrieval	-0.1081729482921405	4
sub-05	meta_spatial	meta_R_hippocampus	yy	YY	3	retrieval	0.018261777217144455	30
sub-05	meta_spatial	meta_R_hippocampus	yy	YY	4	retrieval	-0.0489145757744828	30
sub-05	meta_spatial	meta_R_hippocampus	kj	KJ	3	retrieval	0.025945286010450576	4
sub-05	meta_spatial	meta_R_hippocampus	kj	KJ	4	retrieval	0.13696214636001663	4
sub-05	meta_spatial	meta_R_precuneus	yy	YY	3	retrieval	0.03466889584506307	30
sub-05	meta_spatial	meta_R_precuneus	yy	YY	4	retrieval	-0.030591834931262867	30
sub-05	meta_spatial	meta_R_precuneus	kj	KJ	3	retrieval	-0.010791767681507636	4
sub-05	meta_spatial	meta_R_precuneus	kj	KJ	4	retrieval	0.012896004779711822	4
sub-06	meta_spatial	meta_L_PPA_PHG	yy	YY	3	retrieval	0.01649131221033295	30
sub-06	meta_spatial	meta_L_PPA_PHG	yy	YY	4	retrieval	0.015873506717620788	30
sub-06	meta_spatial	meta_L_PPA_PHG	kj	KJ	3	retrieval	0.004942813895531049	4
sub-06	meta_spatial	meta_L_PPA_PHG	kj	KJ	4	retrieval	-0.11800785969445712	4
sub-06	meta_spatial	meta_L_PPC_SPL	yy	YY	3	retrieval	0.003164870897516458	30
sub-06	meta_spatial	meta_L_PPC_SPL	yy	YY	4	retrieval	-0.006494572032946581	30
sub-06	meta_spatial	meta_L_PPC_SPL	kj	KJ	3	retrieval	-0.013813830518218592	4
sub-06	meta_spatial	meta_L_PPC_SPL	kj	KJ	4	retrieval	-0.09243754329428783	4
sub-06	meta_spatial	meta_L_RSC_PCC	yy	YY	3	retrieval	0.017508265481166307	30
sub-06	meta_spatial	meta_L_RSC_PCC	yy	YY	4	retrieval	0.054959753713842555	30
sub-06	meta_spatial	meta_L_RSC_PCC	kj	KJ	3	retrieval	0.008633154677239985	4
sub-06	meta_spatial	meta_L_RSC_PCC	kj	KJ	4	retrieval	-0.1427978815035684	4
sub-06	meta_spatial	meta_L_hippocampus	yy	YY	3	retrieval	0.015775437589531212	30
sub-06	meta_spatial	meta_L_hippocampus	yy	YY	4	retrieval	-0.011115800394450074	30
sub-06	meta_spatial	meta_L_hippocampus	kj	KJ	3	retrieval	-0.06379165265388201	4
sub-06	meta_spatial	meta_L_hippocampus	kj	KJ	4	retrieval	-0.08284946796207426	4
sub-06	meta_spatial	meta_L_precuneus	yy	YY	3	retrieval	0.01809784238400229	30
sub-06	meta_spatial	meta_L_precuneus	yy	YY	4	retrieval	-0.02188200401846742	30
sub-06	meta_spatial	meta_L_precuneus	kj	KJ	3	retrieval	0.06122717664673247	4
sub-06	meta_spatial	meta_L_precuneus	kj	KJ	4	retrieval	-0.016032596355406464	4
sub-06	meta_spatial	meta_R_PPA_PHG	yy	YY	3	retrieval	-0.032612959248901216	30
sub-06	meta_spatial	meta_R_PPA_PHG	yy	YY	4	retrieval	0.03874892476694595	30
sub-06	meta_spatial	meta_R_PPA_PHG	kj	KJ	3	retrieval	0.045708335399339994	4
sub-06	meta_spatial	meta_R_PPA_PHG	kj	KJ	4	retrieval	0.050705074924119214	4
sub-06	meta_spatial	meta_R_PPC_SPL	yy	YY	3	retrieval	0.021209829187680766	30
sub-06	meta_spatial	meta_R_PPC_SPL	yy	YY	4	retrieval	0.03387043727527821	30
sub-06	meta_spatial	meta_R_PPC_SPL	kj	KJ	3	retrieval	0.0780553933487847	4
sub-06	meta_spatial	meta_R_PPC_SPL	kj	KJ	4	retrieval	0.06262349079194413	4
sub-06	meta_spatial	meta_R_RSC_PCC	yy	YY	3	retrieval	0.0010276835973672082	30
sub-06	meta_spatial	meta_R_RSC_PCC	yy	YY	4	retrieval	0.048962279515465765	30
sub-06	meta_spatial	meta_R_RSC_PCC	kj	KJ	3	retrieval	-0.05388825239523008	4
sub-06	meta_spatial	meta_R_RSC_PCC	kj	KJ	4	retrieval	0.09965957682312734	4
sub-06	meta_spatial	meta_R_hippocampus	yy	YY	3	retrieval	0.004428549219580294	30
sub-06	meta_spatial	meta_R_hippocampus	yy	YY	4	retrieval	-0.045147190355464814	30
sub-06	meta_spatial	meta_R_hippocampus	kj	KJ	3	retrieval	0.026520951903551304	4
sub-06	meta_spatial	meta_R_hippocampus	kj	KJ	4	retrieval	0.06249338572514088	4
sub-06	meta_spatial	meta_R_precuneus	yy	YY	3	retrieval	-0.0327680472713862	30
sub-06	meta_spatial	meta_R_precuneus	yy	YY	4	retrieval	0.03310934709553436	30
sub-06	meta_spatial	meta_R_precuneus	kj	KJ	3	retrieval	0.14029328899597554	4
sub-06	meta_spatial	meta_R_precuneus	kj	KJ	4	retrieval	-0.020844474262205377	4
sub-07	meta_spatial	meta_L_PPA_PHG	yy	YY	3	retrieval	-0.0003662059442124277	30
sub-07	meta_spatial	meta_L_PPA_PHG	yy	YY	4	retrieval	-0.011568649198749096	30
sub-07	meta_spatial	meta_L_PPA_PHG	kj	KJ	3	retrieval	-0.020766157588678436	4
sub-07	meta_spatial	meta_L_PPA_PHG	kj	KJ	4	retrieval	-0.013532368766230138	4
sub-07	meta_spatial	meta_L_PPC_SPL	yy	YY	3	retrieval	0.0034669554860137235	30
sub-07	meta_spatial	meta_L_PPC_SPL	yy	YY	4	retrieval	-0.01743936760349551	30
sub-07	meta_spatial	meta_L_PPC_SPL	kj	KJ	3	retrieval	0.048403375212321596	4
sub-07	meta_spatial	meta_L_PPC_SPL	kj	KJ	4	retrieval	0.13873383611146237	4
sub-07	meta_spatial	meta_L_RSC_PCC	yy	YY	3	retrieval	0.004001781099475238	30
sub-07	meta_spatial	meta_L_RSC_PCC	yy	YY	4	retrieval	-0.0011100372362341515	30
sub-07	meta_spatial	meta_L_RSC_PCC	kj	KJ	3	retrieval	0.011304671844413194	4
sub-07	meta_spatial	meta_L_RSC_PCC	kj	KJ	4	retrieval	-0.03396475785624989	4
sub-07	meta_spatial	meta_L_hippocampus	yy	YY	3	retrieval	0.02915421000597137	30
sub-07	meta_spatial	meta_L_hippocampus	yy	YY	4	retrieval	-0.03130967279110748	30
sub-07	meta_spatial	meta_L_hippocampus	kj	KJ	3	retrieval	-0.03845666014584663	4
sub-07	meta_spatial	meta_L_hippocampus	kj	KJ	4	retrieval	-0.08241463478711163	4
sub-07	meta_spatial	meta_L_precuneus	yy	YY	3	retrieval	0.02208173598109362	30
sub-07	meta_spatial	meta_L_precuneus	yy	YY	4	retrieval	0.00888832349514451	30
sub-07	meta_spatial	meta_L_precuneus	kj	KJ	3	retrieval	-0.049163778823859014	4
sub-07	meta_spatial	meta_L_precuneus	kj	KJ	4	retrieval	0.030117169821465492	4
sub-07	meta_spatial	meta_R_PPA_PHG	yy	YY	3	retrieval	0.008722493347216113	30
sub-07	meta_spatial	meta_R_PPA_PHG	yy	YY	4	retrieval	-0.03947614958136293	30
sub-07	meta_spatial	meta_R_PPA_PHG	kj	KJ	3	retrieval	0.04565780385029328	4
sub-07	meta_spatial	meta_R_PPA_PHG	kj	KJ	4	retrieval	0.05852097557273492	4
sub-07	meta_spatial	meta_R_PPC_SPL	yy	YY	3	retrieval	0.0441853523603036	30
sub-07	meta_spatial	meta_R_PPC_SPL	yy	YY	4	retrieval	-0.00505682856892929	30
sub-07	meta_spatial	meta_R_PPC_SPL	kj	KJ	3	retrieval	0.06422156884527942	4
sub-07	meta_spatial	meta_R_PPC_SPL	kj	KJ	4	retrieval	0.09204834630372653	4
sub-07	meta_spatial	meta_R_RSC_PCC	yy	YY	3	retrieval	0.025297032158164482	30
sub-07	meta_spatial	meta_R_RSC_PCC	yy	YY	4	retrieval	-0.004201227053567286	30
sub-07	meta_spatial	meta_R_RSC_PCC	kj	KJ	3	retrieval	0.07690679715006349	4
sub-07	meta_spatial	meta_R_RSC_PCC	kj	KJ	4	retrieval	-0.02628691163968095	4
sub-07	meta_spatial	meta_R_hippocampus	yy	YY	3	retrieval	0.017358509416401952	30
sub-07	meta_spatial	meta_R_hippocampus	yy	YY	4	retrieval	-0.012162767727051273	30
sub-07	meta_spatial	meta_R_hippocampus	kj	KJ	3	retrieval	0.06750356524662755	4
sub-07	meta_spatial	meta_R_hippocampus	kj	KJ	4	retrieval	0.06424074430267937	4
sub-07	meta_spatial	meta_R_precuneus	yy	YY	3	retrieval	-0.004612263163347122	30
sub-07	meta_spatial	meta_R_precuneus	yy	YY	4	retrieval	-0.0005005780209746596	30
sub-07	meta_spatial	meta_R_precuneus	kj	KJ	3	retrieval	-0.0004857541828918871	4
sub-07	meta_spatial	meta_R_precuneus	kj	KJ	4	retrieval	0.07786943130157266	4
sub-08	meta_spatial	meta_L_PPA_PHG	yy	YY	3	retrieval	0.03322791788126432	30
sub-08	meta_spatial	meta_L_PPA_PHG	yy	YY	4	retrieval	-0.030166107559650445	30
sub-08	meta_spatial	meta_L_PPA_PHG	kj	KJ	3	retrieval	0.06791417267654112	4
sub-08	meta_spatial	meta_L_PPA_PHG	kj	KJ	4	retrieval	-0.04336771326449171	4
sub-08	meta_spatial	meta_L_PPC_SPL	yy	YY	3	retrieval	0.011100866501180771	30
sub-08	meta_spatial	meta_L_PPC_SPL	yy	YY	4	retrieval	0.04242153431099554	30
sub-08	meta_spatial	meta_L_PPC_SPL	kj	KJ	3	retrieval	-0.10808311179243064	4
sub-08	meta_spatial	meta_L_PPC_SPL	kj	KJ	4	retrieval	0.1705697875065755	4
sub-08	meta_spatial	meta_L_RSC_PCC	yy	YY	3	retrieval	0.057286734341371916	30
sub-08	meta_spatial	meta_L_RSC_PCC	yy	YY	4	retrieval	0.007257131002098837	30
sub-08	meta_spatial	meta_L_RSC_PCC	kj	KJ	3	retrieval	0.0889152992257792	4
sub-08	meta_spatial	meta_L_RSC_PCC	kj	KJ	4	retrieval	-0.06332105751338504	4
sub-08	meta_spatial	meta_L_hippocampus	yy	YY	3	retrieval	-0.027460175050531613	30
sub-08	meta_spatial	meta_L_hippocampus	yy	YY	4	retrieval	-0.018512229989726806	30
sub-08	meta_spatial	meta_L_hippocampus	kj	KJ	3	retrieval	-0.03809294738587314	4
sub-08	meta_spatial	meta_L_hippocampus	kj	KJ	4	retrieval	0.08980145956969952	4
sub-08	meta_spatial	meta_L_precuneus	yy	YY	3	retrieval	0.0516790542209868	30
sub-08	meta_spatial	meta_L_precuneus	yy	YY	4	retrieval	0.06619791415778183	30
sub-08	meta_spatial	meta_L_precuneus	kj	KJ	3	retrieval	0.01228945714017136	4
sub-08	meta_spatial	meta_L_precuneus	kj	KJ	4	retrieval	0.03451574764081558	4
sub-08	meta_spatial	meta_R_PPA_PHG	yy	YY	3	retrieval	0.021114686198117828	30
sub-08	meta_spatial	meta_R_PPA_PHG	yy	YY	4	retrieval	-0.05952794692143982	30
sub-08	meta_spatial	meta_R_PPA_PHG	kj	KJ	3	retrieval	0.06985582848770892	4
sub-08	meta_spatial	meta_R_PPA_PHG	kj	KJ	4	retrieval	-0.009013086405467371	4
sub-08	meta_spatial	meta_R_PPC_SPL	yy	YY	3	retrieval	0.010558366599604364	30
sub-08	meta_spatial	meta_R_PPC_SPL	yy	YY	4	retrieval	0.01894345391090213	30
sub-08	meta_spatial	meta_R_PPC_SPL	kj	KJ	3	retrieval	-0.013795966876607058	4
sub-08	meta_spatial	meta_R_PPC_SPL	kj	KJ	4	retrieval	-0.1102988656091712	4
sub-08	meta_spatial	meta_R_RSC_PCC	yy	YY	3	retrieval	-0.013142094695669005	30
sub-08	meta_spatial	meta_R_RSC_PCC	yy	YY	4	retrieval	0.01496327234676657	30
sub-08	meta_spatial	meta_R_RSC_PCC	kj	KJ	3	retrieval	0.03248639404768225	4
sub-08	meta_spatial	meta_R_RSC_PCC	kj	KJ	4	retrieval	0.12337928176685609	4
sub-08	meta_spatial	meta_R_hippocampus	yy	YY	3	retrieval	-0.009258284577708017	30
sub-08	meta_spatial	meta_R_hippocampus	yy	YY	4	retrieval	-0.010424263620145091	30
sub-08	meta_spatial	meta_R_hippocampus	kj	KJ	3	retrieval	0.05998160075701518	4
sub-08	meta_spatial	meta_R_hippocampus	kj	KJ	4	retrieval	-0.0453137139916531	4
sub-08	meta_spatial	meta_R_precuneus	yy	YY	3	retrieval	0.01926370418873956	30
sub-08	meta_spatial	meta_R_precuneus	yy	YY	4	retrieval	-0.006404474886962012	30
sub-08	meta_spatial	meta_R_precuneus	kj	KJ	3	retrieval	0.012041491264352236	4
sub-08	meta_spatial	meta_R_precuneus	kj	KJ	4	retrieval	-0.010906882472764563	4
sub-09	meta_spatial	meta_L_PPA_PHG	yy	YY	3	retrieval	0.009918910148830345	30
sub-09	meta_spatial	meta_L_PPA_PHG	yy	YY	4	retrieval	0.01987097135403833	30
sub-09	meta_spatial	meta_L_PPA_PHG	kj	KJ	3	retrieval	0.061312107371042285	4
sub-09	meta_spatial	meta_L_PPA_PHG	kj	KJ	4	retrieval	-0.08981573386520306	4
sub-09	meta_spatial	meta_L_PPC_SPL	yy	YY	3	retrieval	0.0017730437739855221	30
sub-09	meta_spatial	meta_L_PPC_SPL	yy	YY	4	retrieval	0.0007067543353037817	30
sub-09	meta_spatial	meta_L_PPC_SPL	kj	KJ	3	retrieval	0.009585054914828563	4
sub-09	meta_spatial	meta_L_PPC_SPL	kj	KJ	4	retrieval	-0.007151024090075935	4
sub-09	meta_spatial	meta_L_RSC_PCC	yy	YY	3	retrieval	0.035162852919903266	30
sub-09	meta_spatial	meta_L_RSC_PCC	yy	YY	4	retrieval	-0.025221687112589482	30
sub-09	meta_spatial	meta_L_RSC_PCC	kj	KJ	3	retrieval	-0.048535977375275284	4
sub-09	meta_spatial	meta_L_RSC_PCC	kj	KJ	4	retrieval	0.03732822764117604	4
sub-09	meta_spatial	meta_L_hippocampus	yy	YY	3	retrieval	-0.02666142699314672	30
sub-09	meta_spatial	meta_L_hippocampus	yy	YY	4	retrieval	0.001472068043275869	30
sub-09	meta_spatial	meta_L_hippocampus	kj	KJ	3	retrieval	0.06075178275937935	4
sub-09	meta_spatial	meta_L_hippocampus	kj	KJ	4	retrieval	-0.04893928790338044	4
sub-09	meta_spatial	meta_L_precuneus	yy	YY	3	retrieval	0.06931428778036289	30
sub-09	meta_spatial	meta_L_precuneus	yy	YY	4	retrieval	0.09140203007511526	30
sub-09	meta_spatial	meta_L_precuneus	kj	KJ	3	retrieval	-0.049185067333797544	4
sub-09	meta_spatial	meta_L_precuneus	kj	KJ	4	retrieval	-0.09339635293161991	4
sub-09	meta_spatial	meta_R_PPA_PHG	yy	YY	3	retrieval	0.018082645286327366	30
sub-09	meta_spatial	meta_R_PPA_PHG	yy	YY	4	retrieval	0.041213412438307485	30
sub-09	meta_spatial	meta_R_PPA_PHG	kj	KJ	3	retrieval	0.04571241980480881	4
sub-09	meta_spatial	meta_R_PPA_PHG	kj	KJ	4	retrieval	-0.0867222735300705	4
sub-09	meta_spatial	meta_R_PPC_SPL	yy	YY	3	retrieval	0.00014456296608032678	30
sub-09	meta_spatial	meta_R_PPC_SPL	yy	YY	4	retrieval	0.05197213410309786	30
sub-09	meta_spatial	meta_R_PPC_SPL	kj	KJ	3	retrieval	-0.0286580441686676	4
sub-09	meta_spatial	meta_R_PPC_SPL	kj	KJ	4	retrieval	0.03231068172024575	4
sub-09	meta_spatial	meta_R_RSC_PCC	yy	YY	3	retrieval	-0.004793785183132623	30
sub-09	meta_spatial	meta_R_RSC_PCC	yy	YY	4	retrieval	-0.00383986424544881	30
sub-09	meta_spatial	meta_R_RSC_PCC	kj	KJ	3	retrieval	-0.07795344857159386	4
sub-09	meta_spatial	meta_R_RSC_PCC	kj	KJ	4	retrieval	0.06391065224108125	4
sub-09	meta_spatial	meta_R_hippocampus	yy	YY	3	retrieval	0.01661566915639567	30
sub-09	meta_spatial	meta_R_hippocampus	yy	YY	4	retrieval	-0.0011636894324482561	30
sub-09	meta_spatial	meta_R_hippocampus	kj	KJ	3	retrieval	-0.04989144900190655	4
sub-09	meta_spatial	meta_R_hippocampus	kj	KJ	4	retrieval	0.06867426316283011	4
sub-09	meta_spatial	meta_R_precuneus	yy	YY	3	retrieval	-0.03568915372048109	30
sub-09	meta_spatial	meta_R_precuneus	yy	YY	4	retrieval	0.00028057961625082005	30
sub-09	meta_spatial	meta_R_precuneus	kj	KJ	3	retrieval	-0.015236382494729701	4
sub-09	meta_spatial	meta_R_precuneus	kj	KJ	4	retrieval	0.1368948429876436	4
sub-10	meta_spatial	meta_L_PPA_PHG	yy	YY	3	retrieval	0.03908462600604038	30
sub-10	meta_spatial	meta_L_PPA_PHG	yy	YY	4	retrieval	0.012631553296480639	30
sub-10	meta_spatial	meta_L_PPA_PHG	kj	KJ	3	retrieval	0.07916993199177746	4
sub-10	meta_spatial	meta_L_PPA_PHG	kj	KJ	4	retrieval	-0.013555349755410106	4
sub-10	meta_spatial	meta_L_PPC_SPL	yy	YY	3	retrieval	-0.01428410299294937	30
sub-10	meta_spatial	meta_L_PPC_SPL	yy	YY	4	retrieval	-0.06789770830065743	30
sub-10	meta_spatial	meta_L_PPC_SPL	kj	KJ	3	retrieval	0.15033339611737231	4
sub-10	meta_spatial	meta_L_PPC_SPL	kj	KJ	4	retrieval	0.059747160252211676	4
sub-10	meta_spatial	meta_L_RSC_PCC	yy	YY	3	retrieval	0.009728080699312943	30
sub-10	meta_spatial	meta_L_RSC_PCC	yy	YY	4	retrieval	-0.020544895030677367	30
sub-10	meta_spatial	meta_L_RSC_PCC	kj	KJ	3	retrieval	-0.017945153597069087	4
sub-10	meta_spatial	meta_L_RSC_PCC	kj	KJ	4	retrieval	-0.022493166884845955	4
sub-10	meta_spatial	meta_L_hippocampus	yy	YY	3	retrieval	0.02204470263250641	30
sub-10	meta_spatial	meta_L_hippocampus	yy	YY	4	retrieval	-0.036985640839014185	30
sub-10	meta_spatial	meta_L_hippocampus	kj	KJ	3	retrieval	0.0995411822779605	4
sub-10	meta_spatial	meta_L_hippocampus	kj	KJ	4	retrieval	0.05353930681199084	4
sub-10	meta_spatial	meta_L_precuneus	yy	YY	3	retrieval	0.023747193085796304	30
sub-10	meta_spatial	meta_L_precuneus	yy	YY	4	retrieval	-0.026516291276277828	30
sub-10	meta_spatial	meta_L_precuneus	kj	KJ	3	retrieval	0.05426982848097148	4
sub-10	meta_spatial	meta_L_precuneus	kj	KJ	4	retrieval	0.08975868309227789	4
sub-10	meta_spatial	meta_R_PPA_PHG	yy	YY	3	retrieval	0.010572421761493377	30
sub-10	meta_spatial	meta_R_PPA_PHG	yy	YY	4	retrieval	-0.03549850096482024	30
sub-10	meta_spatial	meta_R_PPA_PHG	kj	KJ	3	retrieval	0.07762895629874601	4
sub-10	meta_spatial	meta_R_PPA_PHG	kj	KJ	4	retrieval	-0.017665144517063698	4
sub-10	meta_spatial	meta_R_PPC_SPL	yy	YY	3	retrieval	-0.056000612057561655	30
sub-10	meta_spatial	meta_R_PPC_SPL	yy	YY	4	retrieval	-0.02293315874831452	30
sub-10	meta_spatial	meta_R_PPC_SPL	kj	KJ	3	retrieval	0.16757941246615085	4
sub-10	meta_spatial	meta_R_PPC_SPL	kj	KJ	4	retrieval	0.10287333199859269	4
sub-10	meta_spatial	meta_R_RSC_PCC	yy	YY	3	retrieval	0.06644102308569214	30
sub-10	meta_spatial	meta_R_RSC_PCC	yy	YY	4	retrieval	-0.06976023669712479	30
sub-10	meta_spatial	meta_R_RSC_PCC	kj	KJ	3	retrieval	-0.05933103269989095	4
sub-10	meta_spatial	meta_R_RSC_PCC	kj	KJ	4	retrieval	-0.01165319532261308	4
sub-10	meta_spatial	meta_R_hippocampus	yy	YY	3	retrieval	0.020449277568942974	30
sub-10	meta_spatial	meta_R_hippocampus	yy	YY	4	retrieval	-0.049692138470006905	30
sub-10	meta_spatial	meta_R_hippocampus	kj	KJ	3	retrieval	0.09623900764068524	4
sub-10	meta_spatial	meta_R_hippocampus	kj	KJ	4	retrieval	-0.050873540442082754	4
sub-10	meta_spatial	meta_R_precuneus	yy	YY	3	retrieval	0.011244818588282916	30
sub-10	meta_spatial	meta_R_precuneus	yy	YY	4	retrieval	-0.004184422798128188	30
sub-10	meta_spatial	meta_R_precuneus	kj	KJ	3	retrieval	0.0558309631588823	4
sub-10	meta_spatial	meta_R_precuneus	kj	KJ	4	retrieval	0.05094652959145918	4
sub-11	meta_spatial	meta_L_PPA_PHG	yy	YY	3	retrieval	-0.03411819539014703	30
sub-11	meta_spatial	meta_L_PPA_PHG	yy	YY	4	retrieval	-0.02089291913396428	30
sub-11	meta_spatial	meta_L_PPA_PHG	kj	KJ	3	retrieval	0.028915286742385717	4
sub-11	meta_spatial	meta_L_PPA_PHG	kj	KJ	4	retrieval	0.05031137162929778	4
sub-11	meta_spatial	meta_L_PPC_SPL	yy	YY	3	retrieval	0.0025602950680307618	30
sub-11	meta_spatial	meta_L_PPC_SPL	yy	YY	4	retrieval	0.007750546489042416	30
sub-11	meta_spatial	meta_L_PPC_SPL	kj	KJ	3	retrieval	-0.005254386877684852	4
sub-11	meta_spatial	meta_L_PPC_SPL	kj	KJ	4	retrieval	-0.07459495860397136	4
sub-11	meta_spatial	meta_L_RSC_PCC	yy	YY	3	retrieval	0.09504735852427225	30
sub-11	meta_spatial	meta_L_RSC_PCC	yy	YY	4	retrieval	-0.038256922125245105	30
sub-11	meta_spatial	meta_L_RSC_PCC	kj	KJ	3	retrieval	0.22798065790732563	4
sub-11	meta_spatial	meta_L_RSC_PCC	kj	KJ	4	retrieval	-0.022715338585493516	4
sub-11	meta_spatial	meta_L_hippocampus	yy	YY	3	retrieval	-0.025306674930063448	30
sub-11	meta_spatial	meta_L_hippocampus	yy	YY	4	retrieval	-0.006173728519586678	30
sub-11	meta_spatial	meta_L_hippocampus	kj	KJ	3	retrieval	-0.06688499833755737	4
sub-11	meta_spatial	meta_L_hippocampus	kj	KJ	4	retrieval	0.0040324395648656045	4
sub-11	meta_spatial	meta_L_precuneus	yy	YY	3	retrieval	-0.015880803231458497	30
sub-11	meta_spatial	meta_L_precuneus	yy	YY	4	retrieval	-0.01224650856840072	30
sub-11	meta_spatial	meta_L_precuneus	kj	KJ	3	retrieval	-0.10895368112257135	4
sub-11	meta_spatial	meta_L_precuneus	kj	KJ	4	retrieval	0.01211970560233359	4
sub-11	meta_spatial	meta_R_PPA_PHG	yy	YY	3	retrieval	-0.030832381415873224	30
sub-11	meta_spatial	meta_R_PPA_PHG	yy	YY	4	retrieval	-0.013119209401665687	30
sub-11	meta_spatial	meta_R_PPA_PHG	kj	KJ	3	retrieval	0.02152871764374281	4
sub-11	meta_spatial	meta_R_PPA_PHG	kj	KJ	4	retrieval	0.0061255100078941235	4
sub-11	meta_spatial	meta_R_PPC_SPL	yy	YY	3	retrieval	0.0049113340252168024	30
sub-11	meta_spatial	meta_R_PPC_SPL	yy	YY	4	retrieval	0.025876338121344787	30
sub-11	meta_spatial	meta_R_PPC_SPL	kj	KJ	3	retrieval	-0.0697637512321225	4
sub-11	meta_spatial	meta_R_PPC_SPL	kj	KJ	4	retrieval	-0.00014313865929196576	4
sub-11	meta_spatial	meta_R_RSC_PCC	yy	YY	3	retrieval	-0.008735754486024393	30
sub-11	meta_spatial	meta_R_RSC_PCC	yy	YY	4	retrieval	-0.008290392249738147	30
sub-11	meta_spatial	meta_R_RSC_PCC	kj	KJ	3	retrieval	-0.07093039490819752	4
sub-11	meta_spatial	meta_R_RSC_PCC	kj	KJ	4	retrieval	0.003207792423813985	4
sub-11	meta_spatial	meta_R_hippocampus	yy	YY	3	retrieval	-0.035368406760053456	30
sub-11	meta_spatial	meta_R_hippocampus	yy	YY	4	retrieval	-0.00778193236239548	30
sub-11	meta_spatial	meta_R_hippocampus	kj	KJ	3	retrieval	-0.0399910002747611	4
sub-11	meta_spatial	meta_R_hippocampus	kj	KJ	4	retrieval	0.0199278127025506	4
sub-11	meta_spatial	meta_R_precuneus	yy	YY	3	retrieval	-0.01853955720061258	30
sub-11	meta_spatial	meta_R_precuneus	yy	YY	4	retrieval	0.001176908322722147	30
sub-11	meta_spatial	meta_R_precuneus	kj	KJ	3	retrieval	-0.006935051179369996	4
sub-11	meta_spatial	meta_R_precuneus	kj	KJ	4	retrieval	-0.0896138568870048	4
sub-13	meta_spatial	meta_L_PPA_PHG	yy	YY	3	retrieval	0.0034229670137292363	30
sub-13	meta_spatial	meta_L_PPA_PHG	yy	YY	4	retrieval	-0.06315752737601713	30
sub-13	meta_spatial	meta_L_PPA_PHG	kj	KJ	3	retrieval	0.047392941169029104	4
sub-13	meta_spatial	meta_L_PPA_PHG	kj	KJ	4	retrieval	0.09500468509615614	4
sub-13	meta_spatial	meta_L_PPC_SPL	yy	YY	3	retrieval	0.017049192298647816	30
sub-13	meta_spatial	meta_L_PPC_SPL	yy	YY	4	retrieval	-0.004831450096202737	30
sub-13	meta_spatial	meta_L_PPC_SPL	kj	KJ	3	retrieval	0.1258456658329175	4
sub-13	meta_spatial	meta_L_PPC_SPL	kj	KJ	4	retrieval	-0.06283314100769444	4
sub-13	meta_spatial	meta_L_RSC_PCC	yy	YY	3	retrieval	0.029867793854212447	30
sub-13	meta_spatial	meta_L_RSC_PCC	yy	YY	4	retrieval	-0.04323975952187239	30
sub-13	meta_spatial	meta_L_RSC_PCC	kj	KJ	3	retrieval	0.02133977155398918	4
sub-13	meta_spatial	meta_L_RSC_PCC	kj	KJ	4	retrieval	-0.12919594523777803	4
sub-13	meta_spatial	meta_L_hippocampus	yy	YY	3	retrieval	-0.0023539004769110926	30
sub-13	meta_spatial	meta_L_hippocampus	yy	YY	4	retrieval	0.02431734085749393	30
sub-13	meta_spatial	meta_L_hippocampus	kj	KJ	3	retrieval	0.08368580932477426	4
sub-13	meta_spatial	meta_L_hippocampus	kj	KJ	4	retrieval	-0.07968591028108866	4
sub-13	meta_spatial	meta_L_precuneus	yy	YY	3	retrieval	-0.0058165352152223255	30
sub-13	meta_spatial	meta_L_precuneus	yy	YY	4	retrieval	-0.019140010828305912	30
sub-13	meta_spatial	meta_L_precuneus	kj	KJ	3	retrieval	0.09508536756308202	4
sub-13	meta_spatial	meta_L_precuneus	kj	KJ	4	retrieval	-0.044433185895024575	4
sub-13	meta_spatial	meta_R_PPA_PHG	yy	YY	3	retrieval	0.028747321076378087	30
sub-13	meta_spatial	meta_R_PPA_PHG	yy	YY	4	retrieval	-0.015417123029111364	30
sub-13	meta_spatial	meta_R_PPA_PHG	kj	KJ	3	retrieval	0.1104420485216574	4
sub-13	meta_spatial	meta_R_PPA_PHG	kj	KJ	4	retrieval	-0.028693115415929633	4
sub-13	meta_spatial	meta_R_PPC_SPL	yy	YY	3	retrieval	0.04406327614377246	30
sub-13	meta_spatial	meta_R_PPC_SPL	yy	YY	4	retrieval	0.005811989223051167	30
sub-13	meta_spatial	meta_R_PPC_SPL	kj	KJ	3	retrieval	0.09764664602262085	4
sub-13	meta_spatial	meta_R_PPC_SPL	kj	KJ	4	retrieval	0.08286277368167036	4
sub-13	meta_spatial	meta_R_RSC_PCC	yy	YY	3	retrieval	0.0573371251287402	30
sub-13	meta_spatial	meta_R_RSC_PCC	yy	YY	4	retrieval	-0.03944455124225318	30
sub-13	meta_spatial	meta_R_RSC_PCC	kj	KJ	3	retrieval	-0.06773522157178961	4
sub-13	meta_spatial	meta_R_RSC_PCC	kj	KJ	4	retrieval	-0.02888788837173774	4
sub-13	meta_spatial	meta_R_hippocampus	yy	YY	3	retrieval	0.039048362377116445	30
sub-13	meta_spatial	meta_R_hippocampus	yy	YY	4	retrieval	-0.02675758173201824	30
sub-13	meta_spatial	meta_R_hippocampus	kj	KJ	3	retrieval	-0.01783963227078393	4
sub-13	meta_spatial	meta_R_hippocampus	kj	KJ	4	retrieval	-0.1433789864569333	4
sub-13	meta_spatial	meta_R_precuneus	yy	YY	3	retrieval	0.012478594437471598	30
sub-13	meta_spatial	meta_R_precuneus	yy	YY	4	retrieval	-0.022226085398205978	30
sub-13	meta_spatial	meta_R_precuneus	kj	KJ	3	retrieval	-0.08498991055773118	4
sub-13	meta_spatial	meta_R_precuneus	kj	KJ	4	retrieval	-0.11017573108636022	4
sub-14	meta_spatial	meta_L_PPA_PHG	yy	YY	3	retrieval	0.045468084547562224	30
sub-14	meta_spatial	meta_L_PPA_PHG	yy	YY	4	retrieval	-0.024977744794810772	30
sub-14	meta_spatial	meta_L_PPA_PHG	kj	KJ	3	retrieval	0.043106537424116936	4
sub-14	meta_spatial	meta_L_PPA_PHG	kj	KJ	4	retrieval	0.0027860400274496815	4
sub-14	meta_spatial	meta_L_PPC_SPL	yy	YY	3	retrieval	0.022594123358049768	30
sub-14	meta_spatial	meta_L_PPC_SPL	yy	YY	4	retrieval	0.01464207413856698	30
sub-14	meta_spatial	meta_L_PPC_SPL	kj	KJ	3	retrieval	-0.03021377884787107	4
sub-14	meta_spatial	meta_L_PPC_SPL	kj	KJ	4	retrieval	-0.09826940833509606	4
sub-14	meta_spatial	meta_L_RSC_PCC	yy	YY	3	retrieval	-0.019289590561111493	30
sub-14	meta_spatial	meta_L_RSC_PCC	yy	YY	4	retrieval	0.05470150323488475	30
sub-14	meta_spatial	meta_L_RSC_PCC	kj	KJ	3	retrieval	-0.032520832083834175	4
sub-14	meta_spatial	meta_L_RSC_PCC	kj	KJ	4	retrieval	-0.026411573582985848	4
sub-14	meta_spatial	meta_L_hippocampus	yy	YY	3	retrieval	-0.019745282587262204	30
sub-14	meta_spatial	meta_L_hippocampus	yy	YY	4	retrieval	0.020270027971167504	30
sub-14	meta_spatial	meta_L_hippocampus	kj	KJ	3	retrieval	-0.0002913768956334991	4
sub-14	meta_spatial	meta_L_hippocampus	kj	KJ	4	retrieval	-0.004960826949741731	4
sub-14	meta_spatial	meta_L_precuneus	yy	YY	3	retrieval	-0.020081853690360314	30
sub-14	meta_spatial	meta_L_precuneus	yy	YY	4	retrieval	0.04706585737808555	30
sub-14	meta_spatial	meta_L_precuneus	kj	KJ	3	retrieval	0.0010129437001820743	4
sub-14	meta_spatial	meta_L_precuneus	kj	KJ	4	retrieval	-0.07595995188311624	4
sub-14	meta_spatial	meta_R_PPA_PHG	yy	YY	3	retrieval	0.040666806064878505	30
sub-14	meta_spatial	meta_R_PPA_PHG	yy	YY	4	retrieval	0.02429228035501519	30
sub-14	meta_spatial	meta_R_PPA_PHG	kj	KJ	3	retrieval	-0.010682362664014778	4
sub-14	meta_spatial	meta_R_PPA_PHG	kj	KJ	4	retrieval	-0.10081164495127007	4
sub-14	meta_spatial	meta_R_PPC_SPL	yy	YY	3	retrieval	-0.007281065861441283	30
sub-14	meta_spatial	meta_R_PPC_SPL	yy	YY	4	retrieval	-0.02076596648785504	30
sub-14	meta_spatial	meta_R_PPC_SPL	kj	KJ	3	retrieval	0.03367964132351556	4
sub-14	meta_spatial	meta_R_PPC_SPL	kj	KJ	4	retrieval	-0.009227813792848802	4
sub-14	meta_spatial	meta_R_RSC_PCC	yy	YY	3	retrieval	-0.043402142380433384	30
sub-14	meta_spatial	meta_R_RSC_PCC	yy	YY	4	retrieval	0.017739091653879702	30
sub-14	meta_spatial	meta_R_RSC_PCC	kj	KJ	3	retrieval	0.08212409709172654	4
sub-14	meta_spatial	meta_R_RSC_PCC	kj	KJ	4	retrieval	0.018775628156159338	4
sub-14	meta_spatial	meta_R_hippocampus	yy	YY	3	retrieval	0.01152308410925769	30
sub-14	meta_spatial	meta_R_hippocampus	yy	YY	4	retrieval	0.03498636689709957	30
sub-14	meta_spatial	meta_R_hippocampus	kj	KJ	3	retrieval	0.03710290704292031	4
sub-14	meta_spatial	meta_R_hippocampus	kj	KJ	4	retrieval	0.005931332150296113	4
sub-14	meta_spatial	meta_R_precuneus	yy	YY	3	retrieval	-0.020351434024442807	30
sub-14	meta_spatial	meta_R_precuneus	yy	YY	4	retrieval	-0.02373807092246278	30
sub-14	meta_spatial	meta_R_precuneus	kj	KJ	3	retrieval	-0.07505356516855419	4
sub-14	meta_spatial	meta_R_precuneus	kj	KJ	4	retrieval	0.16852497445346132	4
sub-15	meta_spatial	meta_L_PPA_PHG	yy	YY	3	retrieval	-0.005034986374120422	30
sub-15	meta_spatial	meta_L_PPA_PHG	yy	YY	4	retrieval	0.00606298010598737	30
sub-15	meta_spatial	meta_L_PPA_PHG	kj	KJ	3	retrieval	-0.02277123057309772	4
sub-15	meta_spatial	meta_L_PPA_PHG	kj	KJ	4	retrieval	-0.0027726064517038518	4
sub-15	meta_spatial	meta_L_PPC_SPL	yy	YY	3	retrieval	0.01980270378516374	30
sub-15	meta_spatial	meta_L_PPC_SPL	yy	YY	4	retrieval	0.014812508456527023	30
sub-15	meta_spatial	meta_L_PPC_SPL	kj	KJ	3	retrieval	-0.08007930599593337	4
sub-15	meta_spatial	meta_L_PPC_SPL	kj	KJ	4	retrieval	-0.05948508985593203	4
sub-15	meta_spatial	meta_L_RSC_PCC	yy	YY	3	retrieval	0.015430968514292244	30
sub-15	meta_spatial	meta_L_RSC_PCC	yy	YY	4	retrieval	-0.00571177387664905	30
sub-15	meta_spatial	meta_L_RSC_PCC	kj	KJ	3	retrieval	0.01281440048950653	4
sub-15	meta_spatial	meta_L_RSC_PCC	kj	KJ	4	retrieval	0.04612273752134677	4
sub-15	meta_spatial	meta_L_hippocampus	yy	YY	3	retrieval	-0.007471884585396564	30
sub-15	meta_spatial	meta_L_hippocampus	yy	YY	4	retrieval	-0.021333348233115088	30
sub-15	meta_spatial	meta_L_hippocampus	kj	KJ	3	retrieval	0.07738768616945582	4
sub-15	meta_spatial	meta_L_hippocampus	kj	KJ	4	retrieval	-0.08029368480959691	4
sub-15	meta_spatial	meta_L_precuneus	yy	YY	3	retrieval	0.04666133369734956	30
sub-15	meta_spatial	meta_L_precuneus	yy	YY	4	retrieval	0.029669918567469016	30
sub-15	meta_spatial	meta_L_precuneus	kj	KJ	3	retrieval	-0.018344649074389013	4
sub-15	meta_spatial	meta_L_precuneus	kj	KJ	4	retrieval	-0.028267620078545004	4
sub-15	meta_spatial	meta_R_PPA_PHG	yy	YY	3	retrieval	0.02046558892657573	30
sub-15	meta_spatial	meta_R_PPA_PHG	yy	YY	4	retrieval	0.023319750561629736	30
sub-15	meta_spatial	meta_R_PPA_PHG	kj	KJ	3	retrieval	-0.0799940086941977	4
sub-15	meta_spatial	meta_R_PPA_PHG	kj	KJ	4	retrieval	-0.046674138125213704	4
sub-15	meta_spatial	meta_R_PPC_SPL	yy	YY	3	retrieval	0.01301539563162182	30
sub-15	meta_spatial	meta_R_PPC_SPL	yy	YY	4	retrieval	0.02154970819815506	30
sub-15	meta_spatial	meta_R_PPC_SPL	kj	KJ	3	retrieval	0.12855361262688514	4
sub-15	meta_spatial	meta_R_PPC_SPL	kj	KJ	4	retrieval	-0.048833410009937794	4
sub-15	meta_spatial	meta_R_RSC_PCC	yy	YY	3	retrieval	0.030439939394989	30
sub-15	meta_spatial	meta_R_RSC_PCC	yy	YY	4	retrieval	0.013040063873565426	30
sub-15	meta_spatial	meta_R_RSC_PCC	kj	KJ	3	retrieval	-0.1243472506128718	4
sub-15	meta_spatial	meta_R_RSC_PCC	kj	KJ	4	retrieval	-0.025763077374596356	4
sub-15	meta_spatial	meta_R_hippocampus	yy	YY	3	retrieval	0.0139991459584085	30
sub-15	meta_spatial	meta_R_hippocampus	yy	YY	4	retrieval	-0.0077931380021938465	30
sub-15	meta_spatial	meta_R_hippocampus	kj	KJ	3	retrieval	-0.023291193859067628	4
sub-15	meta_spatial	meta_R_hippocampus	kj	KJ	4	retrieval	0.039184593156890726	4
sub-15	meta_spatial	meta_R_precuneus	yy	YY	3	retrieval	0.026713775899395827	30
sub-15	meta_spatial	meta_R_precuneus	yy	YY	4	retrieval	0.0018643117291941254	30
sub-15	meta_spatial	meta_R_precuneus	kj	KJ	3	retrieval	-0.039413776160760444	4
sub-15	meta_spatial	meta_R_precuneus	kj	KJ	4	retrieval	0.055377453584281616	4
sub-16	meta_spatial	meta_L_PPA_PHG	yy	YY	3	retrieval	-0.009320799041815604	30
sub-16	meta_spatial	meta_L_PPA_PHG	yy	YY	4	retrieval	0.013626556829554768	30
sub-16	meta_spatial	meta_L_PPA_PHG	kj	KJ	3	retrieval	0.00878247298927371	4
sub-16	meta_spatial	meta_L_PPA_PHG	kj	KJ	4	retrieval	-0.08002318376226061	4
sub-16	meta_spatial	meta_L_PPC_SPL	yy	YY	3	retrieval	-0.00711661975795821	30
sub-16	meta_spatial	meta_L_PPC_SPL	yy	YY	4	retrieval	-0.05404647156684123	30
sub-16	meta_spatial	meta_L_PPC_SPL	kj	KJ	3	retrieval	0.16427288827721215	4
sub-16	meta_spatial	meta_L_PPC_SPL	kj	KJ	4	retrieval	-0.059867154579042486	4
sub-16	meta_spatial	meta_L_RSC_PCC	yy	YY	3	retrieval	-0.0226512907701236	30
sub-16	meta_spatial	meta_L_RSC_PCC	yy	YY	4	retrieval	-0.047054603407165274	30
sub-16	meta_spatial	meta_L_RSC_PCC	kj	KJ	3	retrieval	0.02025746327765561	4
sub-16	meta_spatial	meta_L_RSC_PCC	kj	KJ	4	retrieval	0.007434495136878678	4
sub-16	meta_spatial	meta_L_hippocampus	yy	YY	3	retrieval	-0.07025102372118225	30
sub-16	meta_spatial	meta_L_hippocampus	yy	YY	4	retrieval	-0.03746250462215444	30
sub-16	meta_spatial	meta_L_hippocampus	kj	KJ	3	retrieval	-0.08912254262586312	4
sub-16	meta_spatial	meta_L_hippocampus	kj	KJ	4	retrieval	0.0008820067827899521	4
sub-16	meta_spatial	meta_L_precuneus	yy	YY	3	retrieval	0.03869311142472184	30
sub-16	meta_spatial	meta_L_precuneus	yy	YY	4	retrieval	-0.06411263861149406	30
sub-16	meta_spatial	meta_L_precuneus	kj	KJ	3	retrieval	0.056712258018060804	4
sub-16	meta_spatial	meta_L_precuneus	kj	KJ	4	retrieval	-0.15580771762618592	4
sub-16	meta_spatial	meta_R_PPA_PHG	yy	YY	3	retrieval	-0.01624036598213331	30
sub-16	meta_spatial	meta_R_PPA_PHG	yy	YY	4	retrieval	-0.0220224418274896	30
sub-16	meta_spatial	meta_R_PPA_PHG	kj	KJ	3	retrieval	0.02685671583924379	4
sub-16	meta_spatial	meta_R_PPA_PHG	kj	KJ	4	retrieval	-0.05921768344350013	4
sub-16	meta_spatial	meta_R_PPC_SPL	yy	YY	3	retrieval	0.08304691149929205	30
sub-16	meta_spatial	meta_R_PPC_SPL	yy	YY	4	retrieval	-0.09154213564258522	30
sub-16	meta_spatial	meta_R_PPC_SPL	kj	KJ	3	retrieval	-0.10154617671274363	4
sub-16	meta_spatial	meta_R_PPC_SPL	kj	KJ	4	retrieval	-0.02748501511462638	4
sub-16	meta_spatial	meta_R_RSC_PCC	yy	YY	3	retrieval	0.018276671160256965	30
sub-16	meta_spatial	meta_R_RSC_PCC	yy	YY	4	retrieval	0.01474157596035146	30
sub-16	meta_spatial	meta_R_RSC_PCC	kj	KJ	3	retrieval	0.04363665942614656	4
sub-16	meta_spatial	meta_R_RSC_PCC	kj	KJ	4	retrieval	-0.01645511339853912	4
sub-16	meta_spatial	meta_R_hippocampus	yy	YY	3	retrieval	0.0004166047053861403	30
sub-16	meta_spatial	meta_R_hippocampus	yy	YY	4	retrieval	-0.01681231817036044	30
sub-16	meta_spatial	meta_R_hippocampus	kj	KJ	3	retrieval	0.0017210706427001725	4
sub-16	meta_spatial	meta_R_hippocampus	kj	KJ	4	retrieval	0.010098304836649759	4
sub-16	meta_spatial	meta_R_precuneus	yy	YY	3	retrieval	0.030975223757812715	30
sub-16	meta_spatial	meta_R_precuneus	yy	YY	4	retrieval	-0.002073346561610349	30
sub-16	meta_spatial	meta_R_precuneus	kj	KJ	3	retrieval	0.048708044931390075	4
sub-16	meta_spatial	meta_R_precuneus	kj	KJ	4	retrieval	-0.028368589108390442	4
sub-17	meta_spatial	meta_L_PPA_PHG	yy	YY	3	retrieval	-0.039138642802600924	30
sub-17	meta_spatial	meta_L_PPA_PHG	yy	YY	4	retrieval	0.023488812820633993	30
sub-17	meta_spatial	meta_L_PPA_PHG	kj	KJ	3	retrieval	-0.06479433877586974	4
sub-17	meta_spatial	meta_L_PPA_PHG	kj	KJ	4	retrieval	0.006595597724475932	4
sub-17	meta_spatial	meta_L_PPC_SPL	yy	YY	3	retrieval	0.018287593095714212	30
sub-17	meta_spatial	meta_L_PPC_SPL	yy	YY	4	retrieval	-0.02587682949846235	30
sub-17	meta_spatial	meta_L_PPC_SPL	kj	KJ	3	retrieval	0.29078001424353883	4
sub-17	meta_spatial	meta_L_PPC_SPL	kj	KJ	4	retrieval	0.053771223323130446	4
sub-17	meta_spatial	meta_L_RSC_PCC	yy	YY	3	retrieval	0.04453737650108168	30
sub-17	meta_spatial	meta_L_RSC_PCC	yy	YY	4	retrieval	0.022395282819009075	30
sub-17	meta_spatial	meta_L_RSC_PCC	kj	KJ	3	retrieval	-0.07862177691045857	4
sub-17	meta_spatial	meta_L_RSC_PCC	kj	KJ	4	retrieval	0.036739575081916734	4
sub-17	meta_spatial	meta_L_hippocampus	yy	YY	3	retrieval	-0.009595120922727301	30
sub-17	meta_spatial	meta_L_hippocampus	yy	YY	4	retrieval	-0.002601056447957521	30
sub-17	meta_spatial	meta_L_hippocampus	kj	KJ	3	retrieval	0.03333282875436622	4
sub-17	meta_spatial	meta_L_hippocampus	kj	KJ	4	retrieval	0.08522800707656925	4
sub-17	meta_spatial	meta_L_precuneus	yy	YY	3	retrieval	0.013717613374150237	30
sub-17	meta_spatial	meta_L_precuneus	yy	YY	4	retrieval	-0.019499116383888633	30
sub-17	meta_spatial	meta_L_precuneus	kj	KJ	3	retrieval	0.07658977367031647	4
sub-17	meta_spatial	meta_L_precuneus	kj	KJ	4	retrieval	-0.03179480755538046	4
sub-17	meta_spatial	meta_R_PPA_PHG	yy	YY	3	retrieval	-0.017768705025837574	30
sub-17	meta_spatial	meta_R_PPA_PHG	yy	YY	4	retrieval	0.010494138022619745	30
sub-17	meta_spatial	meta_R_PPA_PHG	kj	KJ	3	retrieval	-0.013664218096848653	4
sub-17	meta_spatial	meta_R_PPA_PHG	kj	KJ	4	retrieval	0.007296665265591723	4
sub-17	meta_spatial	meta_R_PPC_SPL	yy	YY	3	retrieval	-0.013244212440258992	30
sub-17	meta_spatial	meta_R_PPC_SPL	yy	YY	4	retrieval	0.016862443164712974	30
sub-17	meta_spatial	meta_R_PPC_SPL	kj	KJ	3	retrieval	0.02361394088110514	4
sub-17	meta_spatial	meta_R_PPC_SPL	kj	KJ	4	retrieval	-0.0991143697938684	4
sub-17	meta_spatial	meta_R_RSC_PCC	yy	YY	3	retrieval	0.011017156894064236	30
sub-17	meta_spatial	meta_R_RSC_PCC	yy	YY	4	retrieval	0.013279974602731255	30
sub-17	meta_spatial	meta_R_RSC_PCC	kj	KJ	3	retrieval	0.062405560656919414	4
sub-17	meta_spatial	meta_R_RSC_PCC	kj	KJ	4	retrieval	0.05730761042025122	4
sub-17	meta_spatial	meta_R_hippocampus	yy	YY	3	retrieval	0.013829377879774856	30
sub-17	meta_spatial	meta_R_hippocampus	yy	YY	4	retrieval	0.0040476116255366975	30
sub-17	meta_spatial	meta_R_hippocampus	kj	KJ	3	retrieval	0.0635639146534911	4
sub-17	meta_spatial	meta_R_hippocampus	kj	KJ	4	retrieval	0.04226821388550715	4
sub-17	meta_spatial	meta_R_precuneus	yy	YY	3	retrieval	-0.022877524242062595	30
sub-17	meta_spatial	meta_R_precuneus	yy	YY	4	retrieval	-0.020845039431514938	30
sub-17	meta_spatial	meta_R_precuneus	kj	KJ	3	retrieval	-0.16570693115951196	4
sub-17	meta_spatial	meta_R_precuneus	kj	KJ	4	retrieval	-0.1090513784939611	4
sub-18	meta_spatial	meta_L_PPA_PHG	yy	YY	3	retrieval	0.03404430146179048	30
sub-18	meta_spatial	meta_L_PPA_PHG	yy	YY	4	retrieval	-0.022056650646873545	30
sub-18	meta_spatial	meta_L_PPA_PHG	kj	KJ	3	retrieval	0.06567256329971893	4
sub-18	meta_spatial	meta_L_PPA_PHG	kj	KJ	4	retrieval	0.04035631412372813	4
sub-18	meta_spatial	meta_L_PPC_SPL	yy	YY	3	retrieval	-0.01391004675215846	30
sub-18	meta_spatial	meta_L_PPC_SPL	yy	YY	4	retrieval	0.02533347087762235	30
sub-18	meta_spatial	meta_L_PPC_SPL	kj	KJ	3	retrieval	0.025169716689140163	4
sub-18	meta_spatial	meta_L_PPC_SPL	kj	KJ	4	retrieval	-0.0334663987838056	4
sub-18	meta_spatial	meta_L_RSC_PCC	yy	YY	3	retrieval	0.0065730189741253974	30
sub-18	meta_spatial	meta_L_RSC_PCC	yy	YY	4	retrieval	-0.03200313831152798	30
sub-18	meta_spatial	meta_L_RSC_PCC	kj	KJ	3	retrieval	0.01817855474399669	4
sub-18	meta_spatial	meta_L_RSC_PCC	kj	KJ	4	retrieval	-0.04632014874386975	4
sub-18	meta_spatial	meta_L_hippocampus	yy	YY	3	retrieval	-0.021265526431412995	30
sub-18	meta_spatial	meta_L_hippocampus	yy	YY	4	retrieval	0.015618578690571153	30
sub-18	meta_spatial	meta_L_hippocampus	kj	KJ	3	retrieval	-0.004989741489921304	4
sub-18	meta_spatial	meta_L_hippocampus	kj	KJ	4	retrieval	-0.0455271100677696	4
sub-18	meta_spatial	meta_L_precuneus	yy	YY	3	retrieval	0.010095287976528821	30
sub-18	meta_spatial	meta_L_precuneus	yy	YY	4	retrieval	-0.04160576355884185	30
sub-18	meta_spatial	meta_L_precuneus	kj	KJ	3	retrieval	-0.03914638425277332	4
sub-18	meta_spatial	meta_L_precuneus	kj	KJ	4	retrieval	-0.026306098809994717	4
sub-18	meta_spatial	meta_R_PPA_PHG	yy	YY	3	retrieval	0.05693291926268885	30
sub-18	meta_spatial	meta_R_PPA_PHG	yy	YY	4	retrieval	0.006060993918001206	30
sub-18	meta_spatial	meta_R_PPA_PHG	kj	KJ	3	retrieval	-0.02661524581085257	4
sub-18	meta_spatial	meta_R_PPA_PHG	kj	KJ	4	retrieval	-0.037615933915430944	4
sub-18	meta_spatial	meta_R_PPC_SPL	yy	YY	3	retrieval	-0.012450093341125977	30
sub-18	meta_spatial	meta_R_PPC_SPL	yy	YY	4	retrieval	-0.055019335320402145	30
sub-18	meta_spatial	meta_R_PPC_SPL	kj	KJ	3	retrieval	0.09474211136191317	4
sub-18	meta_spatial	meta_R_PPC_SPL	kj	KJ	4	retrieval	-0.0350969450929092	4
sub-18	meta_spatial	meta_R_RSC_PCC	yy	YY	3	retrieval	0.07454235313722374	30
sub-18	meta_spatial	meta_R_RSC_PCC	yy	YY	4	retrieval	-0.03268072721414967	30
sub-18	meta_spatial	meta_R_RSC_PCC	kj	KJ	3	retrieval	-0.05111858056684269	4
sub-18	meta_spatial	meta_R_RSC_PCC	kj	KJ	4	retrieval	0.052767749191751784	4
sub-18	meta_spatial	meta_R_hippocampus	yy	YY	3	retrieval	-0.052639676866014486	30
sub-18	meta_spatial	meta_R_hippocampus	yy	YY	4	retrieval	0.027149778196131347	30
sub-18	meta_spatial	meta_R_hippocampus	kj	KJ	3	retrieval	-0.027936313317693084	4
sub-18	meta_spatial	meta_R_hippocampus	kj	KJ	4	retrieval	-0.045166374305184144	4
sub-18	meta_spatial	meta_R_precuneus	yy	YY	3	retrieval	0.0566053569932897	30
sub-18	meta_spatial	meta_R_precuneus	yy	YY	4	retrieval	-0.0031688611588913573	30
sub-18	meta_spatial	meta_R_precuneus	kj	KJ	3	retrieval	-0.2637260006910487	4
sub-18	meta_spatial	meta_R_precuneus	kj	KJ	4	retrieval	-0.02609859422082242	4
sub-19	meta_spatial	meta_L_PPA_PHG	yy	YY	3	retrieval	-0.034506391304384536	30
sub-19	meta_spatial	meta_L_PPA_PHG	yy	YY	4	retrieval	-0.02490778609132245	30
sub-19	meta_spatial	meta_L_PPA_PHG	kj	KJ	3	retrieval	-0.0035001470571839055	4
sub-19	meta_spatial	meta_L_PPA_PHG	kj	KJ	4	retrieval	0.11604958390484556	4
sub-19	meta_spatial	meta_L_PPC_SPL	yy	YY	3	retrieval	-0.023804164646620107	30
sub-19	meta_spatial	meta_L_PPC_SPL	yy	YY	4	retrieval	0.0010497249065762474	30
sub-19	meta_spatial	meta_L_PPC_SPL	kj	KJ	3	retrieval	-0.002392963696510677	4
sub-19	meta_spatial	meta_L_PPC_SPL	kj	KJ	4	retrieval	-0.07407814821658174	4
sub-19	meta_spatial	meta_L_RSC_PCC	yy	YY	3	retrieval	0.020745931945999815	30
sub-19	meta_spatial	meta_L_RSC_PCC	yy	YY	4	retrieval	0.03394607334579909	30
sub-19	meta_spatial	meta_L_RSC_PCC	kj	KJ	3	retrieval	-0.0619992745138417	4
sub-19	meta_spatial	meta_L_RSC_PCC	kj	KJ	4	retrieval	0.0375356778323349	4
sub-19	meta_spatial	meta_L_hippocampus	yy	YY	3	retrieval	0.02901507888525552	30
sub-19	meta_spatial	meta_L_hippocampus	yy	YY	4	retrieval	-0.030580944644004675	30
sub-19	meta_spatial	meta_L_hippocampus	kj	KJ	3	retrieval	0.04470409742415329	4
sub-19	meta_spatial	meta_L_hippocampus	kj	KJ	4	retrieval	-0.09846702167626686	4
sub-19	meta_spatial	meta_L_precuneus	yy	YY	3	retrieval	-0.003023125532864997	30
sub-19	meta_spatial	meta_L_precuneus	yy	YY	4	retrieval	-0.010891053016659704	30
sub-19	meta_spatial	meta_L_precuneus	kj	KJ	3	retrieval	-0.06782898701573425	4
sub-19	meta_spatial	meta_L_precuneus	kj	KJ	4	retrieval	-0.017719356938743443	4
sub-19	meta_spatial	meta_R_PPA_PHG	yy	YY	3	retrieval	0.06363719557994722	30
sub-19	meta_spatial	meta_R_PPA_PHG	yy	YY	4	retrieval	0.02308159855904552	30
sub-19	meta_spatial	meta_R_PPA_PHG	kj	KJ	3	retrieval	0.048079539534877404	4
sub-19	meta_spatial	meta_R_PPA_PHG	kj	KJ	4	retrieval	-0.027124239084486336	4
sub-19	meta_spatial	meta_R_PPC_SPL	yy	YY	3	retrieval	-0.027408214871121717	30
sub-19	meta_spatial	meta_R_PPC_SPL	yy	YY	4	retrieval	0.03061963083084473	30
sub-19	meta_spatial	meta_R_PPC_SPL	kj	KJ	3	retrieval	-0.05617520896492235	4
sub-19	meta_spatial	meta_R_PPC_SPL	kj	KJ	4	retrieval	-0.08693359171501416	4
sub-19	meta_spatial	meta_R_RSC_PCC	yy	YY	3	retrieval	-0.0021438961561831707	30
sub-19	meta_spatial	meta_R_RSC_PCC	yy	YY	4	retrieval	0.0047368474826346985	30
sub-19	meta_spatial	meta_R_RSC_PCC	kj	KJ	3	retrieval	-0.07249121723535906	4
sub-19	meta_spatial	meta_R_RSC_PCC	kj	KJ	4	retrieval	-0.021950975524881365	4
sub-19	meta_spatial	meta_R_hippocampus	yy	YY	3	retrieval	0.03032308883756848	30
sub-19	meta_spatial	meta_R_hippocampus	yy	YY	4	retrieval	0.03660001376614252	30
sub-19	meta_spatial	meta_R_hippocampus	kj	KJ	3	retrieval	-0.06295364647397099	4
sub-19	meta_spatial	meta_R_hippocampus	kj	KJ	4	retrieval	-0.0392361899513832	4
sub-19	meta_spatial	meta_R_precuneus	yy	YY	3	retrieval	0.016649791620836733	30
sub-19	meta_spatial	meta_R_precuneus	yy	YY	4	retrieval	0.015621647773335771	30
sub-19	meta_spatial	meta_R_precuneus	kj	KJ	3	retrieval	-0.07049459756225865	4
sub-19	meta_spatial	meta_R_precuneus	kj	KJ	4	retrieval	-0.04447044085431629	4
sub-20	meta_spatial	meta_L_PPA_PHG	yy	YY	3	retrieval	0.013654063921164573	30
sub-20	meta_spatial	meta_L_PPA_PHG	yy	YY	4	retrieval	-0.07211585211339558	30
sub-20	meta_spatial	meta_L_PPA_PHG	kj	KJ	3	retrieval	0.013734599183061753	4
sub-20	meta_spatial	meta_L_PPA_PHG	kj	KJ	4	retrieval	-0.10212196680498517	4
sub-20	meta_spatial	meta_L_PPC_SPL	yy	YY	3	retrieval	0.023882784758434927	30
sub-20	meta_spatial	meta_L_PPC_SPL	yy	YY	4	retrieval	0.029939479131775772	30
sub-20	meta_spatial	meta_L_PPC_SPL	kj	KJ	3	retrieval	0.03353223314726303	4
sub-20	meta_spatial	meta_L_PPC_SPL	kj	KJ	4	retrieval	0.09870045334560092	4
sub-20	meta_spatial	meta_L_RSC_PCC	yy	YY	3	retrieval	0.022023129158217917	30
sub-20	meta_spatial	meta_L_RSC_PCC	yy	YY	4	retrieval	0.010214365480279859	30
sub-20	meta_spatial	meta_L_RSC_PCC	kj	KJ	3	retrieval	0.002402024118144521	4
sub-20	meta_spatial	meta_L_RSC_PCC	kj	KJ	4	retrieval	-0.10108043269948132	4
sub-20	meta_spatial	meta_L_hippocampus	yy	YY	3	retrieval	0.016455719125565448	30
sub-20	meta_spatial	meta_L_hippocampus	yy	YY	4	retrieval	0.02672392859163125	30
sub-20	meta_spatial	meta_L_hippocampus	kj	KJ	3	retrieval	-0.04194132358450883	4
sub-20	meta_spatial	meta_L_hippocampus	kj	KJ	4	retrieval	-0.0170039992612687	4
sub-20	meta_spatial	meta_L_precuneus	yy	YY	3	retrieval	0.01809244163037255	30
sub-20	meta_spatial	meta_L_precuneus	yy	YY	4	retrieval	0.018944295112645962	30
sub-20	meta_spatial	meta_L_precuneus	kj	KJ	3	retrieval	0.1099414824288262	4
sub-20	meta_spatial	meta_L_precuneus	kj	KJ	4	retrieval	0.14930117151049674	4
sub-20	meta_spatial	meta_R_PPA_PHG	yy	YY	3	retrieval	-0.015615489322300167	30
sub-20	meta_spatial	meta_R_PPA_PHG	yy	YY	4	retrieval	-0.014518866099383876	30
sub-20	meta_spatial	meta_R_PPA_PHG	kj	KJ	3	retrieval	0.1520255182698836	4
sub-20	meta_spatial	meta_R_PPA_PHG	kj	KJ	4	retrieval	-0.05565455874896175	4
sub-20	meta_spatial	meta_R_PPC_SPL	yy	YY	3	retrieval	0.03131072635000399	30
sub-20	meta_spatial	meta_R_PPC_SPL	yy	YY	4	retrieval	-0.02061891822999009	30
sub-20	meta_spatial	meta_R_PPC_SPL	kj	KJ	3	retrieval	0.012934185906729817	4
sub-20	meta_spatial	meta_R_PPC_SPL	kj	KJ	4	retrieval	0.12360965860122816	4
sub-20	meta_spatial	meta_R_RSC_PCC	yy	YY	3	retrieval	0.016724498690890894	30
sub-20	meta_spatial	meta_R_RSC_PCC	yy	YY	4	retrieval	0.04020444020058819	30
sub-20	meta_spatial	meta_R_RSC_PCC	kj	KJ	3	retrieval	0.05212986371294106	4
sub-20	meta_spatial	meta_R_RSC_PCC	kj	KJ	4	retrieval	-0.06916688964422199	4
sub-20	meta_spatial	meta_R_hippocampus	yy	YY	3	retrieval	-0.025591007143524573	30
sub-20	meta_spatial	meta_R_hippocampus	yy	YY	4	retrieval	0.010416217782118565	30
sub-20	meta_spatial	meta_R_hippocampus	kj	KJ	3	retrieval	0.10367919363443236	4
sub-20	meta_spatial	meta_R_hippocampus	kj	KJ	4	retrieval	0.024487286672917982	4
sub-20	meta_spatial	meta_R_precuneus	yy	YY	3	retrieval	0.012312397693442534	30
sub-20	meta_spatial	meta_R_precuneus	yy	YY	4	retrieval	0.053250586259089946	30
sub-20	meta_spatial	meta_R_precuneus	kj	KJ	3	retrieval	0.017826097666163727	4
sub-20	meta_spatial	meta_R_precuneus	kj	KJ	4	retrieval	-0.027756570646712206	4
sub-21	meta_spatial	meta_L_PPA_PHG	yy	YY	3	retrieval	-0.06264978413135486	30
sub-21	meta_spatial	meta_L_PPA_PHG	yy	YY	4	retrieval	0.08520117781706968	30
sub-21	meta_spatial	meta_L_PPA_PHG	kj	KJ	3	retrieval	-0.06393931226319968	4
sub-21	meta_spatial	meta_L_PPA_PHG	kj	KJ	4	retrieval	-0.27837227725136515	4
sub-21	meta_spatial	meta_L_PPC_SPL	yy	YY	3	retrieval	-0.0009693557931112461	30
sub-21	meta_spatial	meta_L_PPC_SPL	yy	YY	4	retrieval	-0.006719007411237937	30
sub-21	meta_spatial	meta_L_PPC_SPL	kj	KJ	3	retrieval	-0.0041922844190249164	4
sub-21	meta_spatial	meta_L_PPC_SPL	kj	KJ	4	retrieval	-0.22795482305191303	4
sub-21	meta_spatial	meta_L_RSC_PCC	yy	YY	3	retrieval	0.040144654896002524	30
sub-21	meta_spatial	meta_L_RSC_PCC	yy	YY	4	retrieval	0.06841694098435781	30
sub-21	meta_spatial	meta_L_RSC_PCC	kj	KJ	3	retrieval	-0.07059739777276065	4
sub-21	meta_spatial	meta_L_RSC_PCC	kj	KJ	4	retrieval	0.09334328765228204	4
sub-21	meta_spatial	meta_L_hippocampus	yy	YY	3	retrieval	0.004265928512887276	30
sub-21	meta_spatial	meta_L_hippocampus	yy	YY	4	retrieval	-0.038869179892586724	30
sub-21	meta_spatial	meta_L_hippocampus	kj	KJ	3	retrieval	0.13236193588996598	4
sub-21	meta_spatial	meta_L_hippocampus	kj	KJ	4	retrieval	0.0114614014401192	4
sub-21	meta_spatial	meta_L_precuneus	yy	YY	3	retrieval	0.0569472153502591	30
sub-21	meta_spatial	meta_L_precuneus	yy	YY	4	retrieval	-0.001170130418889929	30
sub-21	meta_spatial	meta_L_precuneus	kj	KJ	3	retrieval	-0.008480645674383377	4
sub-21	meta_spatial	meta_L_precuneus	kj	KJ	4	retrieval	-0.08813286618461011	4
sub-21	meta_spatial	meta_R_PPA_PHG	yy	YY	3	retrieval	0.0332805198071147	30
sub-21	meta_spatial	meta_R_PPA_PHG	yy	YY	4	retrieval	-0.044659616190307984	30
sub-21	meta_spatial	meta_R_PPA_PHG	kj	KJ	3	retrieval	-0.028526635243754525	4
sub-21	meta_spatial	meta_R_PPA_PHG	kj	KJ	4	retrieval	-0.03965660251702993	4
sub-21	meta_spatial	meta_R_PPC_SPL	yy	YY	3	retrieval	0.008209801627653402	30
sub-21	meta_spatial	meta_R_PPC_SPL	yy	YY	4	retrieval	0.10381845597743299	30
sub-21	meta_spatial	meta_R_PPC_SPL	kj	KJ	3	retrieval	0.040786135457318504	4
sub-21	meta_spatial	meta_R_PPC_SPL	kj	KJ	4	retrieval	-0.15166549281991445	4
sub-21	meta_spatial	meta_R_RSC_PCC	yy	YY	3	retrieval	0.01315628994736931	30
sub-21	meta_spatial	meta_R_RSC_PCC	yy	YY	4	retrieval	0.12427686484103079	30
sub-21	meta_spatial	meta_R_RSC_PCC	kj	KJ	3	retrieval	0.04275456819067741	4
sub-21	meta_spatial	meta_R_RSC_PCC	kj	KJ	4	retrieval	0.011627265828143274	4
sub-21	meta_spatial	meta_R_hippocampus	yy	YY	3	retrieval	-0.010311471440470411	30
sub-21	meta_spatial	meta_R_hippocampus	yy	YY	4	retrieval	0.0055950826410057575	30
sub-21	meta_spatial	meta_R_hippocampus	kj	KJ	3	retrieval	-0.05862125239038034	4
sub-21	meta_spatial	meta_R_hippocampus	kj	KJ	4	retrieval	0.22149764525938268	4
sub-21	meta_spatial	meta_R_precuneus	yy	YY	3	retrieval	0.013860693592021134	30
sub-21	meta_spatial	meta_R_precuneus	yy	YY	4	retrieval	-0.013401607809698235	30
sub-21	meta_spatial	meta_R_precuneus	kj	KJ	3	retrieval	0.06357460100862292	4
sub-21	meta_spatial	meta_R_precuneus	kj	KJ	4	retrieval	0.0027332244801669785	4
sub-22	meta_spatial	meta_L_PPA_PHG	yy	YY	3	retrieval	0.026923618339764657	30
sub-22	meta_spatial	meta_L_PPA_PHG	yy	YY	4	retrieval	-0.016351034999286775	30
sub-22	meta_spatial	meta_L_PPA_PHG	kj	KJ	3	retrieval	-0.04482615437011086	4
sub-22	meta_spatial	meta_L_PPA_PHG	kj	KJ	4	retrieval	0.06940108033639064	4
sub-22	meta_spatial	meta_L_PPC_SPL	yy	YY	3	retrieval	-0.011469675019212366	30
sub-22	meta_spatial	meta_L_PPC_SPL	yy	YY	4	retrieval	-0.0019532902827468345	30
sub-22	meta_spatial	meta_L_PPC_SPL	kj	KJ	3	retrieval	0.12427417032066415	4
sub-22	meta_spatial	meta_L_PPC_SPL	kj	KJ	4	retrieval	-0.2431649679185297	4
sub-22	meta_spatial	meta_L_RSC_PCC	yy	YY	3	retrieval	0.027474867024383582	30
sub-22	meta_spatial	meta_L_RSC_PCC	yy	YY	4	retrieval	-0.036930424905480555	30
sub-22	meta_spatial	meta_L_RSC_PCC	kj	KJ	3	retrieval	-0.2797834513663394	4
sub-22	meta_spatial	meta_L_RSC_PCC	kj	KJ	4	retrieval	-0.18055773015036758	4
sub-22	meta_spatial	meta_L_hippocampus	yy	YY	3	retrieval	0.032126771984436156	30
sub-22	meta_spatial	meta_L_hippocampus	yy	YY	4	retrieval	0.01949928213206557	30
sub-22	meta_spatial	meta_L_hippocampus	kj	KJ	3	retrieval	-0.125020634759434	4
sub-22	meta_spatial	meta_L_hippocampus	kj	KJ	4	retrieval	-0.09389940643212617	4
sub-22	meta_spatial	meta_L_precuneus	yy	YY	3	retrieval	0.01831290347924919	30
sub-22	meta_spatial	meta_L_precuneus	yy	YY	4	retrieval	0.0014809476867833464	30
sub-22	meta_spatial	meta_L_precuneus	kj	KJ	3	retrieval	-0.07692935372834904	4
sub-22	meta_spatial	meta_L_precuneus	kj	KJ	4	retrieval	-0.055168971095444934	4
sub-22	meta_spatial	meta_R_PPA_PHG	yy	YY	3	retrieval	-0.002976459215453668	30
sub-22	meta_spatial	meta_R_PPA_PHG	yy	YY	4	retrieval	-0.03392476996380334	30
sub-22	meta_spatial	meta_R_PPA_PHG	kj	KJ	3	retrieval	-0.22110042440158634	4
sub-22	meta_spatial	meta_R_PPA_PHG	kj	KJ	4	retrieval	-0.04658811504830967	4
sub-22	meta_spatial	meta_R_PPC_SPL	yy	YY	3	retrieval	0.03217481632204718	30
sub-22	meta_spatial	meta_R_PPC_SPL	yy	YY	4	retrieval	0.019704919483828146	30
sub-22	meta_spatial	meta_R_PPC_SPL	kj	KJ	3	retrieval	-0.008902176602166408	4
sub-22	meta_spatial	meta_R_PPC_SPL	kj	KJ	4	retrieval	0.22978863936872554	4
sub-22	meta_spatial	meta_R_RSC_PCC	yy	YY	3	retrieval	-0.0001866836253286754	30
sub-22	meta_spatial	meta_R_RSC_PCC	yy	YY	4	retrieval	-0.024520517294779776	30
sub-22	meta_spatial	meta_R_RSC_PCC	kj	KJ	3	retrieval	0.005917730962168688	4
sub-22	meta_spatial	meta_R_RSC_PCC	kj	KJ	4	retrieval	-0.10310633507105552	4
sub-22	meta_spatial	meta_R_hippocampus	yy	YY	3	retrieval	0.0017500181497748521	30
sub-22	meta_spatial	meta_R_hippocampus	yy	YY	4	retrieval	0.008232434026318899	30
sub-22	meta_spatial	meta_R_hippocampus	kj	KJ	3	retrieval	0.020156636081677042	4
sub-22	meta_spatial	meta_R_hippocampus	kj	KJ	4	retrieval	-0.17082684823374975	4
sub-22	meta_spatial	meta_R_precuneus	yy	YY	3	retrieval	0.006797197059798941	30
sub-22	meta_spatial	meta_R_precuneus	yy	YY	4	retrieval	0.011475051216944226	30
sub-22	meta_spatial	meta_R_precuneus	kj	KJ	3	retrieval	0.24502644948515734	4
sub-22	meta_spatial	meta_R_precuneus	kj	KJ	4	retrieval	-0.3908081662022381	4
sub-24	meta_spatial	meta_L_PPA_PHG	yy	YY	3	retrieval	-0.018302633558365092	30
sub-24	meta_spatial	meta_L_PPA_PHG	yy	YY	4	retrieval	-0.044666319316938395	30
sub-24	meta_spatial	meta_L_PPA_PHG	kj	KJ	3	retrieval	-0.10818045011030383	4
sub-24	meta_spatial	meta_L_PPA_PHG	kj	KJ	4	retrieval	-0.03761120040272724	4
sub-24	meta_spatial	meta_L_PPC_SPL	yy	YY	3	retrieval	0.02567166063537309	30
sub-24	meta_spatial	meta_L_PPC_SPL	yy	YY	4	retrieval	-0.006471085659077658	30
sub-24	meta_spatial	meta_L_PPC_SPL	kj	KJ	3	retrieval	-0.054258388206238906	4
sub-24	meta_spatial	meta_L_PPC_SPL	kj	KJ	4	retrieval	-0.03019363721607775	4
sub-24	meta_spatial	meta_L_RSC_PCC	yy	YY	3	retrieval	-0.018100475084282044	30
sub-24	meta_spatial	meta_L_RSC_PCC	yy	YY	4	retrieval	0.028959066029966563	30
sub-24	meta_spatial	meta_L_RSC_PCC	kj	KJ	3	retrieval	-0.0697911698984375	4
sub-24	meta_spatial	meta_L_RSC_PCC	kj	KJ	4	retrieval	0.16842906125329615	4
sub-24	meta_spatial	meta_L_hippocampus	yy	YY	3	retrieval	-0.041816523357297936	30
sub-24	meta_spatial	meta_L_hippocampus	yy	YY	4	retrieval	0.014832268323236532	30
sub-24	meta_spatial	meta_L_hippocampus	kj	KJ	3	retrieval	0.056268349236919965	4
sub-24	meta_spatial	meta_L_hippocampus	kj	KJ	4	retrieval	-0.09600838781643	4
sub-24	meta_spatial	meta_L_precuneus	yy	YY	3	retrieval	0.06236203744886048	30
sub-24	meta_spatial	meta_L_precuneus	yy	YY	4	retrieval	-0.024914742717858776	30
sub-24	meta_spatial	meta_L_precuneus	kj	KJ	3	retrieval	-0.13493360881316338	4
sub-24	meta_spatial	meta_L_precuneus	kj	KJ	4	retrieval	0.19154663657774695	4
sub-24	meta_spatial	meta_R_PPA_PHG	yy	YY	3	retrieval	0.013749240844301739	30
sub-24	meta_spatial	meta_R_PPA_PHG	yy	YY	4	retrieval	0.0086956453584717	30
sub-24	meta_spatial	meta_R_PPA_PHG	kj	KJ	3	retrieval	-0.12058433972281159	4
sub-24	meta_spatial	meta_R_PPA_PHG	kj	KJ	4	retrieval	-0.07227482406716594	4
sub-24	meta_spatial	meta_R_PPC_SPL	yy	YY	3	retrieval	-0.019989336988846387	30
sub-24	meta_spatial	meta_R_PPC_SPL	yy	YY	4	retrieval	-0.04602836813625966	30
sub-24	meta_spatial	meta_R_PPC_SPL	kj	KJ	3	retrieval	0.03198514593353349	4
sub-24	meta_spatial	meta_R_PPC_SPL	kj	KJ	4	retrieval	-0.05817404937918718	4
sub-24	meta_spatial	meta_R_RSC_PCC	yy	YY	3	retrieval	-0.060123278037556495	30
sub-24	meta_spatial	meta_R_RSC_PCC	yy	YY	4	retrieval	0.02021016051482493	30
sub-24	meta_spatial	meta_R_RSC_PCC	kj	KJ	3	retrieval	-0.2904139857438083	4
sub-24	meta_spatial	meta_R_RSC_PCC	kj	KJ	4	retrieval	-0.09248180849004134	4
sub-24	meta_spatial	meta_R_hippocampus	yy	YY	3	retrieval	-0.026318088132602873	30
sub-24	meta_spatial	meta_R_hippocampus	yy	YY	4	retrieval	-0.019086524379468495	30
sub-24	meta_spatial	meta_R_hippocampus	kj	KJ	3	retrieval	0.08389831453836274	4
sub-24	meta_spatial	meta_R_hippocampus	kj	KJ	4	retrieval	-0.09598129285066856	4
sub-24	meta_spatial	meta_R_precuneus	yy	YY	3	retrieval	-0.003242938207802695	30
sub-24	meta_spatial	meta_R_precuneus	yy	YY	4	retrieval	-0.021982876418326733	30
sub-24	meta_spatial	meta_R_precuneus	kj	KJ	3	retrieval	0.01475078623910005	4
sub-24	meta_spatial	meta_R_precuneus	kj	KJ	4	retrieval	0.017807430661107737	4
sub-25	meta_spatial	meta_L_PPA_PHG	yy	YY	3	retrieval	0.016848637017051787	30
sub-25	meta_spatial	meta_L_PPA_PHG	yy	YY	4	retrieval	-0.005601782581519582	30
sub-25	meta_spatial	meta_L_PPA_PHG	kj	KJ	3	retrieval	0.026737771124374806	4
sub-25	meta_spatial	meta_L_PPA_PHG	kj	KJ	4	retrieval	0.11680841704882769	4
sub-25	meta_spatial	meta_L_PPC_SPL	yy	YY	3	retrieval	-0.014165498147473761	30
sub-25	meta_spatial	meta_L_PPC_SPL	yy	YY	4	retrieval	-0.03129375573230328	30
sub-25	meta_spatial	meta_L_PPC_SPL	kj	KJ	3	retrieval	-0.03242403445700332	4
sub-25	meta_spatial	meta_L_PPC_SPL	kj	KJ	4	retrieval	0.05029375714266294	4
sub-25	meta_spatial	meta_L_RSC_PCC	yy	YY	3	retrieval	0.014057694127913443	30
sub-25	meta_spatial	meta_L_RSC_PCC	yy	YY	4	retrieval	-0.02990998961050009	30
sub-25	meta_spatial	meta_L_RSC_PCC	kj	KJ	3	retrieval	-0.006198120484560327	4
sub-25	meta_spatial	meta_L_RSC_PCC	kj	KJ	4	retrieval	0.036251821783823954	4
sub-25	meta_spatial	meta_L_hippocampus	yy	YY	3	retrieval	-0.005891847925860539	30
sub-25	meta_spatial	meta_L_hippocampus	yy	YY	4	retrieval	-0.0009354208240103033	30
sub-25	meta_spatial	meta_L_hippocampus	kj	KJ	3	retrieval	0.017437511396115976	4
sub-25	meta_spatial	meta_L_hippocampus	kj	KJ	4	retrieval	-0.11968446467984828	4
sub-25	meta_spatial	meta_L_precuneus	yy	YY	3	retrieval	0.018703470155203107	30
sub-25	meta_spatial	meta_L_precuneus	yy	YY	4	retrieval	-0.028034562832947054	30
sub-25	meta_spatial	meta_L_precuneus	kj	KJ	3	retrieval	-0.1651358414407516	4
sub-25	meta_spatial	meta_L_precuneus	kj	KJ	4	retrieval	0.20648914031211654	4
sub-25	meta_spatial	meta_R_PPA_PHG	yy	YY	3	retrieval	0.03927733550259089	30
sub-25	meta_spatial	meta_R_PPA_PHG	yy	YY	4	retrieval	-0.006687169740392263	30
sub-25	meta_spatial	meta_R_PPA_PHG	kj	KJ	3	retrieval	-0.047522960363267724	4
sub-25	meta_spatial	meta_R_PPA_PHG	kj	KJ	4	retrieval	0.22999271480183514	4
sub-25	meta_spatial	meta_R_PPC_SPL	yy	YY	3	retrieval	-0.03986374035847913	30
sub-25	meta_spatial	meta_R_PPC_SPL	yy	YY	4	retrieval	0.024099656761447884	30
sub-25	meta_spatial	meta_R_PPC_SPL	kj	KJ	3	retrieval	0.028497008909953114	4
sub-25	meta_spatial	meta_R_PPC_SPL	kj	KJ	4	retrieval	0.012266916483420293	4
sub-25	meta_spatial	meta_R_RSC_PCC	yy	YY	3	retrieval	0.015416357450994544	30
sub-25	meta_spatial	meta_R_RSC_PCC	yy	YY	4	retrieval	-0.011080979578992853	30
sub-25	meta_spatial	meta_R_RSC_PCC	kj	KJ	3	retrieval	0.012387630510604482	4
sub-25	meta_spatial	meta_R_RSC_PCC	kj	KJ	4	retrieval	-0.05121719781596083	4
sub-25	meta_spatial	meta_R_hippocampus	yy	YY	3	retrieval	0.06502237657411841	30
sub-25	meta_spatial	meta_R_hippocampus	yy	YY	4	retrieval	-0.01835559274035688	30
sub-25	meta_spatial	meta_R_hippocampus	kj	KJ	3	retrieval	-0.034910010566697944	4
sub-25	meta_spatial	meta_R_hippocampus	kj	KJ	4	retrieval	0.10535084698477028	4
sub-25	meta_spatial	meta_R_precuneus	yy	YY	3	retrieval	0.017766457478818495	30
sub-25	meta_spatial	meta_R_precuneus	yy	YY	4	retrieval	-0.014119971647625497	30
sub-25	meta_spatial	meta_R_precuneus	kj	KJ	3	retrieval	0.14835087866265206	4
sub-25	meta_spatial	meta_R_precuneus	kj	KJ	4	retrieval	0.10507989631947566	4
sub-26	meta_spatial	meta_L_PPA_PHG	yy	YY	3	retrieval	-0.040408561719208036	30
sub-26	meta_spatial	meta_L_PPA_PHG	yy	YY	4	retrieval	-0.020500006243510623	30
sub-26	meta_spatial	meta_L_PPA_PHG	kj	KJ	3	retrieval	-0.042914485343793746	4
sub-26	meta_spatial	meta_L_PPA_PHG	kj	KJ	4	retrieval	-0.20591231000149868	4
sub-26	meta_spatial	meta_L_PPC_SPL	yy	YY	3	retrieval	0.008536058423805105	30
sub-26	meta_spatial	meta_L_PPC_SPL	yy	YY	4	retrieval	0.02389511294278029	30
sub-26	meta_spatial	meta_L_PPC_SPL	kj	KJ	3	retrieval	0.048203795963791755	4
sub-26	meta_spatial	meta_L_PPC_SPL	kj	KJ	4	retrieval	-0.05178342783254353	4
sub-26	meta_spatial	meta_L_RSC_PCC	yy	YY	3	retrieval	0.028384291054491622	30
sub-26	meta_spatial	meta_L_RSC_PCC	yy	YY	4	retrieval	-0.0029828465576066552	30
sub-26	meta_spatial	meta_L_RSC_PCC	kj	KJ	3	retrieval	-0.12019786250892472	4
sub-26	meta_spatial	meta_L_RSC_PCC	kj	KJ	4	retrieval	-0.13357263807610958	4
sub-26	meta_spatial	meta_L_hippocampus	yy	YY	3	retrieval	-0.018382753222910213	30
sub-26	meta_spatial	meta_L_hippocampus	yy	YY	4	retrieval	0.02039287762847356	30
sub-26	meta_spatial	meta_L_hippocampus	kj	KJ	3	retrieval	0.02205198414279163	4
sub-26	meta_spatial	meta_L_hippocampus	kj	KJ	4	retrieval	0.11129753684857838	4
sub-26	meta_spatial	meta_L_precuneus	yy	YY	3	retrieval	0.016403073032526277	30
sub-26	meta_spatial	meta_L_precuneus	yy	YY	4	retrieval	-0.004942020722423565	30
sub-26	meta_spatial	meta_L_precuneus	kj	KJ	3	retrieval	0.013926438343344553	4
sub-26	meta_spatial	meta_L_precuneus	kj	KJ	4	retrieval	0.018871310193926134	4
sub-26	meta_spatial	meta_R_PPA_PHG	yy	YY	3	retrieval	-0.020644993108536024	30
sub-26	meta_spatial	meta_R_PPA_PHG	yy	YY	4	retrieval	-0.009539642382513399	30
sub-26	meta_spatial	meta_R_PPA_PHG	kj	KJ	3	retrieval	-0.06530603475916139	4
sub-26	meta_spatial	meta_R_PPA_PHG	kj	KJ	4	retrieval	-0.13191166795781	4
sub-26	meta_spatial	meta_R_PPC_SPL	yy	YY	3	retrieval	0.039057146167658825	30
sub-26	meta_spatial	meta_R_PPC_SPL	yy	YY	4	retrieval	0.005880931350734201	30
sub-26	meta_spatial	meta_R_PPC_SPL	kj	KJ	3	retrieval	-0.07887742231803935	4
sub-26	meta_spatial	meta_R_PPC_SPL	kj	KJ	4	retrieval	0.14973011246409068	4
sub-26	meta_spatial	meta_R_RSC_PCC	yy	YY	3	retrieval	-0.03132480651167516	30
sub-26	meta_spatial	meta_R_RSC_PCC	yy	YY	4	retrieval	0.012844386619937505	30
sub-26	meta_spatial	meta_R_RSC_PCC	kj	KJ	3	retrieval	-0.09384402392292904	4
sub-26	meta_spatial	meta_R_RSC_PCC	kj	KJ	4	retrieval	-0.07502571006035738	4
sub-26	meta_spatial	meta_R_hippocampus	yy	YY	3	retrieval	0.020289218014577462	30
sub-26	meta_spatial	meta_R_hippocampus	yy	YY	4	retrieval	0.01665810557796825	30
sub-26	meta_spatial	meta_R_hippocampus	kj	KJ	3	retrieval	0.12354009298153454	4
sub-26	meta_spatial	meta_R_hippocampus	kj	KJ	4	retrieval	-0.13669863587451253	4
sub-26	meta_spatial	meta_R_precuneus	yy	YY	3	retrieval	0.004333829745769149	30
sub-26	meta_spatial	meta_R_precuneus	yy	YY	4	retrieval	0.007037816530193328	30
sub-26	meta_spatial	meta_R_precuneus	kj	KJ	3	retrieval	0.0783158044646933	4
sub-26	meta_spatial	meta_R_precuneus	kj	KJ	4	retrieval	-0.027103255301166973	4
sub-27	meta_spatial	meta_L_PPA_PHG	yy	YY	3	retrieval	-0.06251926043204827	30
sub-27	meta_spatial	meta_L_PPA_PHG	yy	YY	4	retrieval	-0.042709883580170804	30
sub-27	meta_spatial	meta_L_PPA_PHG	kj	KJ	3	retrieval	-0.18288089529347357	4
sub-27	meta_spatial	meta_L_PPA_PHG	kj	KJ	4	retrieval	-0.1119603843475261	4
sub-27	meta_spatial	meta_L_PPC_SPL	yy	YY	3	retrieval	-0.00597639255126833	30
sub-27	meta_spatial	meta_L_PPC_SPL	yy	YY	4	retrieval	0.01715634456819996	30
sub-27	meta_spatial	meta_L_PPC_SPL	kj	KJ	3	retrieval	-0.08101608126833892	4
sub-27	meta_spatial	meta_L_PPC_SPL	kj	KJ	4	retrieval	-0.08333181989849503	4
sub-27	meta_spatial	meta_L_RSC_PCC	yy	YY	3	retrieval	0.004936932961136822	30
sub-27	meta_spatial	meta_L_RSC_PCC	yy	YY	4	retrieval	-0.034658508102657096	30
sub-27	meta_spatial	meta_L_RSC_PCC	kj	KJ	3	retrieval	-0.18013334311608725	4
sub-27	meta_spatial	meta_L_RSC_PCC	kj	KJ	4	retrieval	0.007249482839763191	4
sub-27	meta_spatial	meta_L_hippocampus	yy	YY	3	retrieval	-0.006397313537663945	30
sub-27	meta_spatial	meta_L_hippocampus	yy	YY	4	retrieval	-0.013958586320096528	30
sub-27	meta_spatial	meta_L_hippocampus	kj	KJ	3	retrieval	0.042979407637333364	4
sub-27	meta_spatial	meta_L_hippocampus	kj	KJ	4	retrieval	0.03792558247982789	4
sub-27	meta_spatial	meta_L_precuneus	yy	YY	3	retrieval	0.0003982659874058982	30
sub-27	meta_spatial	meta_L_precuneus	yy	YY	4	retrieval	0.04595339107663959	30
sub-27	meta_spatial	meta_L_precuneus	kj	KJ	3	retrieval	-0.02520021535711866	4
sub-27	meta_spatial	meta_L_precuneus	kj	KJ	4	retrieval	-0.003996791603384349	4
sub-27	meta_spatial	meta_R_PPA_PHG	yy	YY	3	retrieval	0.011273061171839434	30
sub-27	meta_spatial	meta_R_PPA_PHG	yy	YY	4	retrieval	-0.06119128767184082	30
sub-27	meta_spatial	meta_R_PPA_PHG	kj	KJ	3	retrieval	-0.101345314773124	4
sub-27	meta_spatial	meta_R_PPA_PHG	kj	KJ	4	retrieval	0.003239222368668311	4
sub-27	meta_spatial	meta_R_PPC_SPL	yy	YY	3	retrieval	0.019933396242264305	30
sub-27	meta_spatial	meta_R_PPC_SPL	yy	YY	4	retrieval	0.03146621476648268	30
sub-27	meta_spatial	meta_R_PPC_SPL	kj	KJ	3	retrieval	0.029218481566214954	4
sub-27	meta_spatial	meta_R_PPC_SPL	kj	KJ	4	retrieval	0.10404755247007909	4
sub-27	meta_spatial	meta_R_RSC_PCC	yy	YY	3	retrieval	-0.02864938881371051	30
sub-27	meta_spatial	meta_R_RSC_PCC	yy	YY	4	retrieval	-0.021204181335466688	30
sub-27	meta_spatial	meta_R_RSC_PCC	kj	KJ	3	retrieval	-0.0295787833303125	4
sub-27	meta_spatial	meta_R_RSC_PCC	kj	KJ	4	retrieval	0.07808608529271274	4
sub-27	meta_spatial	meta_R_hippocampus	yy	YY	3	retrieval	-0.008725692604269399	30
sub-27	meta_spatial	meta_R_hippocampus	yy	YY	4	retrieval	0.0028988115789610135	30
sub-27	meta_spatial	meta_R_hippocampus	kj	KJ	3	retrieval	-0.031407351236702866	4
sub-27	meta_spatial	meta_R_hippocampus	kj	KJ	4	retrieval	-0.026018909134783746	4
sub-27	meta_spatial	meta_R_precuneus	yy	YY	3	retrieval	0.0027990236578151343	30
sub-27	meta_spatial	meta_R_precuneus	yy	YY	4	retrieval	-0.021959980083424015	30
sub-27	meta_spatial	meta_R_precuneus	kj	KJ	3	retrieval	-0.07773234791650155	4
sub-27	meta_spatial	meta_R_precuneus	kj	KJ	4	retrieval	-0.054447824448088135	4
sub-28	meta_spatial	meta_L_PPA_PHG	yy	YY	3	retrieval	0.007154129403483245	30
sub-28	meta_spatial	meta_L_PPA_PHG	yy	YY	4	retrieval	0.007481056969355455	30
sub-28	meta_spatial	meta_L_PPA_PHG	kj	KJ	3	retrieval	0.05030412272293677	4
sub-28	meta_spatial	meta_L_PPA_PHG	kj	KJ	4	retrieval	0.02331272901670287	4
sub-28	meta_spatial	meta_L_PPC_SPL	yy	YY	3	retrieval	-0.012306125116802654	30
sub-28	meta_spatial	meta_L_PPC_SPL	yy	YY	4	retrieval	0.007036901724271838	30
sub-28	meta_spatial	meta_L_PPC_SPL	kj	KJ	3	retrieval	0.023475827799343756	4
sub-28	meta_spatial	meta_L_PPC_SPL	kj	KJ	4	retrieval	-0.02116157058208586	4
sub-28	meta_spatial	meta_L_RSC_PCC	yy	YY	3	retrieval	-0.024030993800901092	30
sub-28	meta_spatial	meta_L_RSC_PCC	yy	YY	4	retrieval	-0.0019504953969141307	30
sub-28	meta_spatial	meta_L_RSC_PCC	kj	KJ	3	retrieval	-0.12452089341277583	4
sub-28	meta_spatial	meta_L_RSC_PCC	kj	KJ	4	retrieval	-0.12196897061299568	4
sub-28	meta_spatial	meta_L_hippocampus	yy	YY	3	retrieval	0.014193700652737819	30
sub-28	meta_spatial	meta_L_hippocampus	yy	YY	4	retrieval	-0.0031766097357608307	30
sub-28	meta_spatial	meta_L_hippocampus	kj	KJ	3	retrieval	-0.03420823644792047	4
sub-28	meta_spatial	meta_L_hippocampus	kj	KJ	4	retrieval	-0.13986133153100425	4
sub-28	meta_spatial	meta_L_precuneus	yy	YY	3	retrieval	0.010921484317945197	30
sub-28	meta_spatial	meta_L_precuneus	yy	YY	4	retrieval	0.03440110613231646	30
sub-28	meta_spatial	meta_L_precuneus	kj	KJ	3	retrieval	0.08417193072493834	4
sub-28	meta_spatial	meta_L_precuneus	kj	KJ	4	retrieval	0.016252359350433808	4
sub-28	meta_spatial	meta_R_PPA_PHG	yy	YY	3	retrieval	-0.027885297768848308	30
sub-28	meta_spatial	meta_R_PPA_PHG	yy	YY	4	retrieval	0.016697370531700652	30
sub-28	meta_spatial	meta_R_PPA_PHG	kj	KJ	3	retrieval	0.047687349244257236	4
sub-28	meta_spatial	meta_R_PPA_PHG	kj	KJ	4	retrieval	-0.00951270652751169	4
sub-28	meta_spatial	meta_R_PPC_SPL	yy	YY	3	retrieval	0.0019866345255004194	30
sub-28	meta_spatial	meta_R_PPC_SPL	yy	YY	4	retrieval	0.054432934360475874	30
sub-28	meta_spatial	meta_R_PPC_SPL	kj	KJ	3	retrieval	-0.013368553359474606	4
sub-28	meta_spatial	meta_R_PPC_SPL	kj	KJ	4	retrieval	-0.007969405233557273	4
sub-28	meta_spatial	meta_R_RSC_PCC	yy	YY	3	retrieval	0.0036574723266011347	30
sub-28	meta_spatial	meta_R_RSC_PCC	yy	YY	4	retrieval	9.061323029169409e-05	30
sub-28	meta_spatial	meta_R_RSC_PCC	kj	KJ	3	retrieval	-0.036318532649015536	4
sub-28	meta_spatial	meta_R_RSC_PCC	kj	KJ	4	retrieval	-0.13811785623071188	4
sub-28	meta_spatial	meta_R_hippocampus	yy	YY	3	retrieval	-0.006931302836364526	30
sub-28	meta_spatial	meta_R_hippocampus	yy	YY	4	retrieval	0.012182525427425069	30
sub-28	meta_spatial	meta_R_hippocampus	kj	KJ	3	retrieval	0.021951629802123458	4
sub-28	meta_spatial	meta_R_hippocampus	kj	KJ	4	retrieval	-0.1837468533351144	4
sub-28	meta_spatial	meta_R_precuneus	yy	YY	3	retrieval	0.011864165227549878	30
sub-28	meta_spatial	meta_R_precuneus	yy	YY	4	retrieval	0.02390106360676197	30
sub-28	meta_spatial	meta_R_precuneus	kj	KJ	3	retrieval	0.04428257679698173	4
sub-28	meta_spatial	meta_R_precuneus	kj	KJ	4	retrieval	-0.01824369317281552	4
